"Asset ID","Asset Name","Asset Type","Image","Serial Number","Company","Location","RW cycle","Status","FSA","Remarks/Purpose","Stylus ID","Warranty End","SAP Asset No","Repair History","Latitude","Longitude","Date Added","Last Activity","Group","Image URL",
"AIP100","iPad Air","TB-iPad-Air","NIL","JW062QGXC3","AATC","M01-13","","Ready","","","","7/3/2026","","","","","2024-04-29 13:47:12","Checked-in","TB/AIP","",
"AIP099","iPad Air","TB-iPad-Air","NIL","K67GKMLHYG","AATC","M01-13","","Ready","","","","7/3/2026","","","","","2024-04-29 13:47:12","Checked-in","TB/AIP","",
"AIP098","iPad Air","TB-iPad-Air","NIL","HFHP76572Y","AATC","M01-13","","Ready","","","","7/3/2026","","","","","2024-04-29 13:47:12","Checked-in","TB/AIP","",
"AIP097","iPad Air","TB-iPad-Air","NIL","C9L450MY6P","AATC","M01-13","","Ready","","","","7/3/2026","","","","","2024-04-29 13:47:12","Checked-in","TB/AIP","",
"AIP096","iPad Air","TB-iPad-Air","NIL","F4CTFG6D2W","AATC","M01-13","","Ready","","","","7/3/2026","","","","","2024-04-29 13:47:12","Checked-in","TB/AIP","",
"AIP095","iPad Air","TB-iPad-Air","NIL","CG241WX0MJ","AATC","M01-13","","Ready","","","","7/3/2026","","","","","2024-04-29 13:47:12","Checked-in","TB/AIP","",
"AIP094","iPad Air","TB-iPad-Air","NIL","CY25T00XF1","AATC","M01-13","","Ready","","","","7/3/2026","","","","","2024-04-29 13:47:12","Checked-in","TB/AIP","",
"AIP093","iPad Air","TB-iPad-Air","NIL","F7TNFPYF5M","AATC","M01-13","","Ready","","","","7/3/2026","","","","","2024-04-29 13:47:12","Checked-in","TB/AIP","",
"AIP092","iPad Air","TB-iPad-Air","NIL","MRYPHYX2YL","AATC","M01-13","","Ready","","","","7/3/2026","","","","","2024-04-29 13:47:12","Checked-in","TB/AIP","",
"AIP091","iPad Air","TB-iPad-Air","NIL","DDQJC9JPF0","AATC","M01-13","","Ready","","","","7/3/2026","","","","","2024-04-29 13:47:12","Checked-in","TB/AIP","",
"AIP090","iPad Air","TB-iPad-Air","NIL","C9R7TLX9M3","AATC","SIN24-3502407","","Ready","","","","7/3/2026","","","","","2024-04-29 13:47:12","Checked-out","TB/AIP","",
"AIP089","iPad Air","TB-iPad-Air","NIL","LWWJYJ4R29","AATC","SIN24-3502407","","Ready","","","","7/3/2026","","","","","2024-04-29 13:47:12","Checked-out","TB/AIP","",
"AIP088","iPad Air","TB-iPad-Air","NIL","KYW14X2D7X","AATC","M01-13","","Ready","","","","7/3/2026","","","","","2024-04-29 13:47:12","Checked-in","TB/AIP","",
"AIP087","iPad Air","TB-iPad-Air","NIL","M5964QW3X2","AATC","M01-13","","Ready","","","","7/3/2026","","","","","2024-04-29 13:47:12","Checked-in","TB/AIP","",
"AIP086","iPad Air","TB-iPad-Air","NIL","J74DL92L34","AATC","M01-13","","Ready","","","","7/3/2026","","","","","2024-04-29 13:47:12","Checked-in","TB/AIP","",
"AIP085","iPad Air","TB-iPad-Air","NIL","KGXJT23XK4","AATC","M01-13","","Ready","","","","7/3/2026","","","","","2024-04-29 13:47:12","Checked-in","TB/AIP","",
"AIP084","iPad Air","TB-iPad-Air","NIL","H7H4HP9244","AATC","M01-13","","Ready","","","","7/3/2026","","","","","2024-04-29 13:47:12","Checked-in","TB/AIP","",
"AIP083","iPad Air","TB-iPad-Air","NIL","H1XDF3HTW3","AATC","SIN24-2502605","","Ready","","","","7/3/2026","","","","","2024-04-29 13:47:12","Checked-out","TB/AIP","",
"AIP082","iPad Air","TB-iPad-Air","NIL","DW9PPQ9N4K","AATC","SIN24-2502605","","Ready","","","","7/3/2026","","","","","2024-04-29 13:47:12","Checked-out","TB/AIP","",
"AIP081","iPad Air","TB-iPad-Air","NIL","MX1WRHWM2V","AATC","M01-13","","Ready","","","","7/3/2026","","","","","2024-04-29 13:47:12","Checked-in","TB/AIP","",
"AIP080","iPad Air","TB-iPad-Air","NIL","J0Y3MGC6VC","AATC","M01-13","","Ready","","","","7/3/2026","","","","","2024-04-29 13:47:12","Checked-in","TB/AIP","",
"AIP079","iPad Air","TB-iPad-Air","NIL","L9KW4KH6RD","AATC","M01-13","","Ready","","","","7/3/2026","","","","","2024-04-29 13:47:12","Checked-in","TB/AIP","",
"AIP078","iPad Air","TB-iPad-Air","NIL","GPXD95GWJY","AATC","SIN24-2502474","","Ready","","","","7/3/2026","","","","","2024-04-29 13:47:12","Checked-out","TB/AIP","",
"AIP077","iPad Air","TB-iPad-Air","NIL","LQJ9XK2200","AATC","SIN24-2502474","","Ready","","","","7/3/2026","","","","","2024-04-29 13:47:12","Checked-out","TB/AIP","",
"AIP076","iPad Air","TB-iPad-Air","NIL","GM0P4VY6TH","AATC","M01-13","","Ready","","","","7/3/2026","","","","","2024-04-29 13:47:12","Checked-in","TB/AIP","",
"AIP075","iPad Air","TB-iPad-Air","NIL","FXW90CWDLQ","AATC","M01-13","","Ready","","","","7/3/2026","","","","","2024-04-29 13:47:12","Checked-in","TB/AIP","",
"AIP074","iPad Air","TB-iPad-Air","NIL","F6XYLW0C64","AATC","M01-13","","Ready","","","","7/3/2026","","","","","2024-04-29 13:47:12","Checked-in","TB/AIP","",
"AIP073","iPad Air","TB-iPad-Air","NIL","FK3GWWV2D4","AATC","SIN24-2502617","","Ready","","","","7/3/2026","","","","","2024-04-29 13:47:12","Checked-out","TB/AIP","",
"AIP072","iPad Air","TB-iPad-Air","NIL","LW2R1X6VMW","AATC","SIN24-2502617","","Ready","","","","7/3/2026","","","","","2024-04-29 13:47:12","Checked-out","TB/AIP","",
"AIP071","iPad Air","TB-iPad-Air","NIL","M62XCDJVPV","AATC","M01-13","","Ready","","","","7/3/2026","","","","","2024-04-29 13:47:12","Checked-in","TB/AIP","",
"AIP070","iPad Air","TB-iPad-Air","NIL","K9RVGHKC2T","AATC","SIN24-2502615","","Ready","","","","7/3/2026","","","","","2024-04-29 13:47:12","Checked-out","TB/AIP","",
"AIP069","iPad Air","TB-iPad-Air","NIL","KLG3GFV54D","AATC","SIN24-2502615","","Ready","","","","7/3/2026","","","","","2024-04-29 13:47:12","Checked-out","TB/AIP","",
"AIP068","iPad Air","TB-iPad-Air","NIL","HHP4JWFMF9","AATC","M01-13","","Ready","","","","7/3/2026","","","","","2024-04-29 13:47:12","Checked-in","TB/AIP","",
"AIP067","iPad Air","TB-iPad-Air","NIL","MF4T6K1J7T","AATC","SIN24-2502415","","Ready","","","","7/3/2026","","","","","2024-04-29 13:47:12","Checked-out","TB/AIP","",
"AIP066","iPad Air","TB-iPad-Air","NIL","DF2FFHLGDT","AATC","M01-13","","Ready","","","","7/3/2026","","","","","2024-04-29 13:47:12","Checked-in","TB/AIP","",
"AIP065","iPad Air","TB-iPad-Air","NIL","LJWF6XFQM5","AATC","M01-13","","Ready","","","","7/3/2026","","","","","2024-04-29 13:47:12","Checked-in","TB/AIP","",
"AIP064","iPad Air","TB-iPad-Air","NIL","DQDYLWP220","AATC","M01-13","","Ready","","","","7/3/2026","","","","","2024-04-29 13:47:12","Checked-in","TB/AIP","",
"AIP063","iPad Air","TB-iPad-Air","NIL","G4GYFY7VMJ","AATC","M01-13","","Ready","","","","7/3/2026","","","","","2024-04-29 13:47:12","Checked-in","TB/AIP","",
"AIP062","iPad Air","TB-iPad-Air","NIL","DWVP920729","AATC","M01-13","","Ready","","","","7/3/2026","","","","","2024-04-29 13:47:12","Checked-in","TB/AIP","",
"AIP061","iPad Air","TB-iPad-Air","NIL","M069GWPVCY","AATC","M01-13","","Ready","","","","7/3/2026","","","","","2024-04-29 13:47:12","Checked-in","TB/AIP","",
"AIP060","iPad Air","TB-iPad-Air","NIL","D0674R9MWK","AATC","M01-13","","Ready","","","","7/3/2026","","","","","2024-04-29 13:47:12","Checked-in","TB/AIP","",
"AIP059","iPad Air","TB-iPad-Air","NIL","FDYFYJF4WN","AATC","SIN24-2502415","","Ready","","","","7/3/2026","","","","","2024-04-29 13:47:12","Checked-out","TB/AIP","",
"AIP058","iPad Air","TB-iPad-Air","NIL","J27F6WV9PN","AATC","SIN24-2502386","","Ready","","","","7/3/2026","","","","","2024-04-29 13:47:12","Checked-out","TB/AIP","",
"AIP057","iPad Air","TB-iPad-Air","NIL","CL49C70HJD","AATC","M01-13","","Ready","","","","7/3/2026","","","","","2024-04-29 13:47:12","Checked-in","TB/AIP","",
"AIP056","iPad Air","TB-iPad-Air","NIL","CQTHYRFWH3","AATC","M01-13","","Ready","","","","7/3/2026","","","","","2024-04-29 13:47:12","Checked-in","TB/AIP","",
"AIP055","iPad Air","TB-iPad-Air","NIL","L96T09GW91","AATC","SIN24-2502629","","Ready","","","","7/3/2026","","","","","2024-04-29 13:47:12","Checked-out","TB/AIP","",
"AIP054","iPad Air","TB-iPad-Air","NIL","J1WGX39K2Q","AATC","SIN24-2502386","","Ready","","","","7/3/2026","","","","","2024-04-29 13:47:12","Checked-out","TB/AIP","",
"AIP053","iPad Air","TB-iPad-Air","NIL","FC4MMFC369","AATC","SIN24-2502385","","Ready","","","","7/3/2026","","","","","2024-04-29 13:47:12","Checked-out","TB/AIP","",
"AIP052","iPad Air","TB-iPad-Air","NIL","CXTKQ1YWQT","AATC","SIN24-2502629","","Ready","","","","7/3/2026","","","","","2024-04-29 13:47:12","Checked-out","TB/AIP","",
"AIP051","iPad Air","TB-iPad-Air","NIL","G6N9PMWHXH","AATC","SIN24-2502385","","Ready","","","","7/3/2026","","","","","2024-04-29 13:47:12","Checked-out","TB/AIP","",
"AIP050","iPad Air","TB-iPad-Air","NIL","GW24WN9CTF","AATC","SIN24-2502382","","Ready","","","","7/3/2026","","","","","2024-04-29 13:47:12","Checked-out","TB/AIP","",
"AIP049","iPad Air","TB-iPad-Air","NIL","GVHDJ74FHW","AATC","SIN24-2502382","","Ready","","","","7/3/2026","","","","","2024-04-29 13:47:12","Checked-out","TB/AIP","",
"AIP048","iPad Air","TB-iPad-Air","NIL","MJLQ5WNM2R","AATC","SIN25-3600373","","Ready","","","","7/3/2026","","","","","2024-04-29 13:47:12","Checked-out","TB/AIP","",
"AIP047","iPad Air","TB-iPad-Air","NIL","H647D1WFMJ","AATC","SIN25-3600373","","Ready","","","","7/3/2026","","","","","2024-04-29 13:47:12","Checked-out","TB/AIP","",
"AIP046","iPad Air","TB-iPad-Air","NIL","HP0X9NJQN2","AATC","SIN25-2500367","","Ready","","","","7/3/2026","","","","","2024-04-29 13:47:12","Checked-out","TB/AIP","",
"AIP045","iPad Air","TB-iPad-Air","NIL","G94R62YQ0R","AATC","SIN25-2500367","","Ready","","","","7/3/2026","","","","","2024-04-29 13:47:12","Checked-out","TB/AIP","",
"AIP044","iPad Air","TB-iPad-Air","NIL","F7N9RF2JPM","AATC","SIN25-2500121","","Ready","","","","7/3/2026","","","","","2024-04-29 13:47:12","Checked-out","TB/AIP","",
"AIP043","iPad Air","TB-iPad-Air","NIL","GYD4D6TXQJ","AATC","SIN25-2500121","","Ready","","","","7/3/2026","","","","","2024-04-29 13:47:12","Checked-out","TB/AIP","",
"AIP042","iPad Air","TB-iPad-Air","NIL","HQ3PX161GX","AATC","SIN24-2502612","","Ready","","","","7/3/2026","","","","","2024-04-29 13:47:12","Checked-out","TB/AIP","",
"AIP041","iPad Air","TB-iPad-Air","NIL","L2J6VWNXRN","AATC","SIN24-2502612","","Ready","","","","7/3/2026","","","","","2024-04-29 13:47:12","Checked-out","TB/AIP","",
"AIP040","iPad Air","TB-iPad-Air","NIL","HN42QCT2RY","AATC","M01-13","","","","Unopen","","7/3/2026","","","","","2024-04-29 13:47:12","Available","TB/AIP","",
"AIP039","iPad Air","TB-iPad-Air","NIL","HY5H9490T5","AATC","M01-13","","","","Unopen","","7/3/2026","","","","","2024-04-29 13:47:12","Available","TB/AIP","",
"AIP038","iPad Air","TB-iPad-Air","NIL","K29GGJ0WQY","AATC","Quality temporary project","","","","Unopen","","7/3/2026","","","","","2024-04-29 13:47:12","Available","TB/AIP","",
"AIP037","iPad Air","TB-iPad-Air","NIL","J9WQNNYQR3","AATC","Oscar","","","","","","7/3/2026","","","","","2024-04-29 13:47:12","Available","TB/AIP","",
"AIP036","iPad Air","TB-iPad-Air","NIL","C77QL65T72","AATC","BK CHIN","","","","","","7/3/2026","","","","","2024-04-29 13:47:12","Available","TB/AIP","",
"AIP035","iPad Air","TB-iPad-Air","NIL","HYXPXWWW1R","AATC","Chee Woh Wong","","","","GN0X2WNQGW","","7/3/2026","","","","","2024-04-29 13:47:12","Available","TB/AIP","",
"AIP034","iPad Air","TB-iPad-Air","NIL","KP2QT70JXN","AATC","Antoine","","","","","","7/3/2026","","","","","2024-04-29 13:47:12","Available","TB/AIP","",
"AIP033","iPad Air","TB-iPad-Air","NIL","K9H23N23QY","AATC","BP TAN","","","","","","7/3/2026","","","","","2024-04-29 13:47:12","Available","TB/AIP","",
"AIP032","iPad Air","TB-iPad-Air","NIL","T6K2NGY4XC","AATC","Corey","","","","","","7/3/2026","","","","","2024-04-29 13:47:12","Available","TB/AIP","",
"AIP031","iPad Air","TB-iPad-Air","NIL","JWP6M67KX0","AATC","Jonathan RIGGS","","","","","","7/3/2026","","","","","2024-04-29 13:47:12","Available","TB/AIP","",
"AIP030","iPad Air","TB-iPad-Air","NIL","DWV3HTKPNP","AATC","Sami OSTRING","","","","","","7/3/2026","","","","","2024-04-29 13:47:12","Available","TB/AIP","",
"AIP029","iPad Air","TB-iPad-Air","NIL","K2M26VQT49","AATC","Joseph (BO)","","","","","","7/3/2026","","","","","2024-04-29 13:47:12","Available","TB/AIP","",
"AIP028","iPad Air","TB-iPad-Air","NIL","KT9VQ70J63","AATC","Joseph (BO)","","","","","","7/3/2026","","","","","2024-04-29 13:47:12","Available","TB/AIP","",
"AIP027","iPad Air","TB-iPad-Air","NIL","G12GK3VWDM","AATC","Michel MENESTROT","","","","","","7/3/2026","","","","","2024-04-29 13:47:12","Available","TB/AIP","",
"AIP026","iPad Air","TB-iPad-Air","NIL","GYYY9L754Y","AATC","TW CHAN","","","","","","7/3/2026","","","","","2024-04-29 13:47:12","Available","TB/AIP","",
"AIP025","iPad Air","TB-iPad-Air","NIL","GG4C7CC92T","AATC","Dinesh MISRA","","","","","","7/3/2026","","","","","2024-04-29 13:47:12","Available","TB/AIP","",
"AIP024","iPad Air","TB-iPad-Air","NIL","K0GV96TG7D","AATC","Don MISHRA","","","","","","7/3/2026","","","","","2024-04-29 13:47:12","Available","TB/AIP","",
"AIP023","iPad Air","TB-iPad-Air","NIL","KT9NHRX67Y","AATC","Kwai Seng NG","","","","","","7/3/2026","","","","","2024-04-29 13:47:12","Available","TB/AIP","",
"AIP022","iPad Air","TB-iPad-Air","NIL","KR6W0Y4XW0","AATC","Clarence SEE","","","","","","7/3/2026","","","","","2024-04-29 13:47:12","Available","TB/AIP","",
"AIP021","iPad Air","TB-iPad-Air","NIL","CY7C6WWJY9","AATC","Isac MATHEWS","","","","","","7/3/2026","","","","","2024-04-29 13:47:12","Available","TB/AIP","",
"AIP020","iPad Air","TB-iPad-Air","NIL","G6KX3VPYYP","AATC","Koi Fah LAM","","","","","","7/3/2026","","","","","2024-04-29 13:47:12","Available","TB/AIP","",
"AIP019","iPad Air","TB-iPad-Air","NIL","LLK7VK74LW","AATC","Diamond ROBIN","","","","","","7/3/2026","","","","","2024-04-29 13:47:12","Available","TB/AIP","",
"AIP018","iPad Air","TB-iPad-Air","NIL","L12X7RPCGP","AATC","Frans","","","","","","7/3/2026","","","","","2024-04-29 13:47:12","Available","TB/AIP","",
"AIP017","iPad Air","TB-iPad-Air","NIL","J09R6KXYPP","AATC","William CHAY","","","","","","7/3/2026","","","","","2024-04-29 13:47:12","Available","TB/AIP","",
"AIP016","iPad Air","TB-iPad-Air","NIL","DWVC41PX1H","AATC","SY Hong","","","","","","7/3/2026","","","","","2024-04-29 13:47:12","Available","TB/AIP","",
"AIP015","iPad Air","TB-iPad-Air","NIL","M34JX4Y676","AATC","Dilip","","","","","","7/3/2026","","","","","2024-04-29 13:47:12","Available","TB/AIP","",
"AIP014","iPad Air","TB-iPad-Air","NIL","DMXT3NG44Q","AATC","Silvia MELONI","","","","","","7/3/2026","","","","","2024-04-29 13:47:12","Available","TB/AIP","",
"AIP013","iPad Air","TB-iPad-Air","NIL","MY95RYFWYR","AATC","Sunny SUM","","","","","","7/3/2026","","","","","2024-04-29 13:47:12","Available","TB/AIP","",
"AIP012","iPad Air","TB-iPad-Air","NIL","L7FQVXQF73","AATC","Xavier CHARMEAU","","","","","","7/3/2026","","","","","2024-04-29 13:47:12","Available","TB/AIP","",
"AIP011","iPad Air","TB-iPad-Air","NIL","L66PXTKFK9","AATC","Ronson GAN","","","","","","7/3/2026","","","","","2024-04-29 13:47:12","Available","TB/AIP","",
"AIP010","iPad Air","TB-iPad-Air","NIL","M43KG16ND7","AATC","CC LEONG","","","","","","7/3/2026","","","","","2024-04-29 13:47:12","Available","TB/AIP","",
"AIP009","iPad Air","TB-iPad-Air","NIL","D7YDL9C4TP","AATC","Jimmy ANG","","","","","","7/3/2026","","","","","2024-04-29 13:47:12","Available","TB/AIP","",
"AIP008","iPad Air","TB-iPad-Air","NIL","HYCWPVPQNW","AATC","Vincent NUNIS","","","","","","7/3/2026","","","","","2024-04-29 13:47:12","Available","TB/AIP","",
"AIP007","iPad Air","TB-iPad-Air","NIL","HG64T4CDXK","AATC","Richard COWARD","","","","","","7/3/2026","","","","","2024-04-29 13:47:12","Available","TB/AIP","",
"AIP006","iPad Air","TB-iPad-Air","NIL","LW1TX123TT","AATC","Kei Fei CHAN","","","","","","7/3/2026","","","","","2024-04-29 13:47:12","Available","TB/AIP","",
"AIP005","iPad Air","TB-iPad-Air","NIL","M6MXXYM95L","AATC","Tony DJ","","","","","","7/3/2026","","","","","2024-04-29 13:47:12","Available","TB/AIP","",
"AIP004","iPad Air","TB-iPad-Air","NIL","HL2VTP6XHP","AATC","TJ LIM","","","","","","7/3/2026","","","","","2024-04-29 13:47:12","Available","TB/AIP","",
"AIP003","iPad Air","TB-iPad-Air","NIL","FPXMYJMXLN","AATC","Patric FAN","","","","","","7/3/2026","","","","","2024-04-29 13:47:12","Available","TB/AIP","",
"AIP002","iPad Air","TB-iPad-Air","NIL","KDYHCVD4H1","AATC","M01-13","","","","","","7/3/2026","","","","","2024-04-29 13:47:12","Available","TB/AIP","",
"AIP001","iPad Air","TB-iPad-Air","NIL","DYC09WXJMY","AATC","M01-13","","","","","","7/3/2026","","","","","2024-04-29 13:47:12","Available","TB/AIP","",
"0011 - LG 50"" TV","Fixed Asset","FA-Fixed Asset","NIL","203INRC9C678","AATC","Maintenance Office CCTV near to Toilet","","Ready","","","","","","","","","2022-09-12 15:09:29","Available","FA/Fixed Asset","",
"0012 - EPSON  EV535W Projector","Fixed Asset","FA-Fixed Asset","NIL","VF6F5X0024L","AATC","M01-13","","Retired","","","","","","","","","2022-09-12 15:07:24","Available","FA/Fixed Asset","",
"J040","JBLQUANTUM100BLK","FA-Fixed Asset","NIL","CM0073-AM0902878","AATC","M01-13","","Ready","","","","23/8/2023","","","","","2022-08-24 13:21:32","Available","JBL Headphone","",
"J039","JBLQUANTUM100BLK","FA-Fixed Asset","NIL","CM0073-AM0902877","AATC","M01-13","","Ready","","","","23/8/2023","","","","","2022-08-24 13:21:32","Available","JBL Headphone","",
"J038","JBLQUANTUM100BLK","FA-Fixed Asset","NIL","CM0073-AM0902876","AATC","M01-13","","Ready","","","","23/8/2023","","","","","2022-08-24 13:21:32","Available","JBL Headphone","",
"J037","JBLQUANTUM100BLK","FA-Fixed Asset","NIL","CM0073-AM0902875","AATC","M01-13","","Ready","","","","23/8/2023","","","","","2022-08-24 13:21:32","Available","JBL Headphone","",
"J036","JBLQUANTUM100BLK","FA-Fixed Asset","NIL","CM0073-GL0682598","AATC","M01-13","","Ready","","","","23/8/2023","","","","","2022-08-24 13:21:32","Available","JBL Headphone","",
"J035","JBLQUANTUM100BLK","FA-Fixed Asset","NIL","CM0073-GL0682597","AATC","M01-13","","Ready","","","","23/8/2023","","","","","2022-08-24 13:21:32","Available","JBL Headphone","",
"J034","JBLQUANTUM100BLK","FA-Fixed Asset","NIL","CM0073-GL0682596","AATC","M01-13","","Ready","","","","23/8/2023","","","","","2022-08-24 13:21:32","Available","JBL Headphone","",
"J033","JBLQUANTUM100BLK","FA-Fixed Asset","NIL","CM0073-GL0682595","AATC","M01-13","","Ready","","","","23/8/2023","","","","","2022-08-24 13:21:32","Available","JBL Headphone","",
"J032","JBLQUANTUM100BLK","FA-Fixed Asset","NIL","CM0073-GL0681870","AATC","M01-13","","Ready","","","","23/8/2023","","","","","2022-08-24 13:21:32","Available","JBL Headphone","",
"J031","JBLQUANTUM100BLK","FA-Fixed Asset","NIL","CM0073-GL0681869","AATC","M01-13","","Ready","","","","23/8/2023","","","","","2022-08-24 13:21:32","Available","JBL Headphone","",
"J030","JBLQUANTUM100BLK","FA-Fixed Asset","NIL","CM0073-GL0681868","AATC","M01-13","","Ready","","","","23/8/2023","","","","","2022-08-24 13:21:32","Available","JBL Headphone","",
"J029","JBLQUANTUM100BLK","FA-Fixed Asset","NIL","CM0073-GL0681867","AATC","M01-13","","Ready","","","","23/8/2023","","","","","2022-08-24 13:21:32","Available","JBL Headphone","",
"J028","JBLQUANTUM100BLK","FA-Fixed Asset","NIL","CM0073-AM0903298","AATC","M01-13","","Ready","","","","23/8/2023","","","","","2022-08-24 13:21:32","Available","JBL Headphone","",
"J027","JBLQUANTUM100BLK","FA-Fixed Asset","NIL","CM0073-AM0903297","AATC","M01-13","","Ready","","","","23/8/2023","","","","","2022-08-24 13:21:32","Available","JBL Headphone","",
"J026","JBLQUANTUM100BLK","FA-Fixed Asset","NIL","CM0073-AM0903296","AATC","M01-13","","Ready","","","","23/8/2023","","","","","2022-08-24 13:21:32","Available","JBL Headphone","",
"J025","JBLQUANTUM100BLK","FA-Fixed Asset","NIL","CM0073-AM0903295","AATC","M01-13","","Ready","","","","23/8/2023","","","","","2022-08-24 13:21:32","Available","JBL Headphone","",
"J024","JBLQUANTUM100BLK","FA-Fixed Asset","NIL","CM0073-AM0902682","AATC","M01-13","","Ready","","","","23/8/2023","","","","","2022-08-24 13:21:32","Available","JBL Headphone","",
"J023","JBLQUANTUM100BLK","FA-Fixed Asset","NIL","CM0073-AM0902681","AATC","M01-13","","Ready","","","","23/8/2023","","","","","2022-08-24 13:21:32","Available","JBL Headphone","",
"J022","JBLQUANTUM100BLK","FA-Fixed Asset","NIL","CM0073-AM0902680","AATC","M01-13","","Ready","","","","23/8/2023","","","","","2022-08-24 13:21:32","Available","JBL Headphone","",
"J021","JBLQUANTUM100BLK","FA-Fixed Asset","NIL","CM0073-AM0902679","AATC","M01-13","","Ready","","","","23/8/2023","","","","","2022-08-24 13:21:32","Available","JBL Headphone","",
"J020","JBLQUANTUM100BLK","FA-Fixed Asset","NIL","CM0073-AM0901487","AATC","M01-13","","Ready","","","","23/8/2023","","","","","2022-08-24 13:21:32","Available","JBL Headphone","",
"J019","JBLQUANTUM100BLK","FA-Fixed Asset","NIL","CM0073-AM0901490","AATC","M01-13","","Ready","","","","23/8/2023","","","","","2022-08-24 13:21:32","Available","JBL Headphone","",
"J018","JBLQUANTUM100BLK","FA-Fixed Asset","NIL","CM0073-AM0901489","AATC","M01-13","","Ready","","","","23/8/2023","","","","","2022-08-24 13:21:32","Available","JBL Headphone","",
"J017","JBLQUANTUM100BLK","FA-Fixed Asset","NIL","CM0073-AM0901488","AATC","M01-13","","Ready","","","","23/8/2023","","","","","2022-08-24 13:21:32","Available","JBL Headphone","",
"J016","JBLQUANTUM100BLK","FA-Fixed Asset","NIL","CM0073-GL0682062","AATC","M01-13","","Ready","","","","23/8/2023","","","","","2022-08-24 13:21:32","Available","JBL Headphone","",
"J015","JBLQUANTUM100BLK","FA-Fixed Asset","NIL","CM0073-GL0682061","AATC","CBT1","","Ready","","","","23/8/2023","","","","","2022-08-24 13:21:32","Checked-out","JBL Headphone","",
"J014","JBLQUANTUM100BLK","FA-Fixed Asset","NIL","CM0073-GL0682060","AATC","CBT1","","Ready","","","","23/8/2023","","","","","2022-08-24 13:21:32","Checked-out","JBL Headphone","",
"J013","JBLQUANTUM100BLK","FA-Fixed Asset","NIL","CM0073-GL0682059","AATC","CBT1","","Ready","","","","23/8/2023","","","","","2022-08-24 13:21:32","Checked-out","JBL Headphone","",
"J012","JBLQUANTUM100BLK","FA-Fixed Asset","NIL","CM0073-AM0901646","AATC","CBT1","","Ready","","","","23/8/2023","","","","","2022-08-24 13:21:32","Checked-out","JBL Headphone","",
"J011","JBLQUANTUM100BLK","FA-Fixed Asset","NIL","CM0073-AM0901645","AATC","CBT1","","Ready","","","","23/8/2023","","","","","2022-08-24 13:21:32","Checked-out","JBL Headphone","",
"J010","JBLQUANTUM100BLK","FA-Fixed Asset","NIL","CM0073-AM0901644","AATC","CBT1","","Ready","","","","23/8/2023","","","","","2022-08-24 13:21:32","Checked-out","JBL Headphone","",
"J009","JBLQUANTUM100BLK","FA-Fixed Asset","NIL","CM0073-AM0901643","AATC","CBT1","","Ready","","","","23/8/2023","","","","","2022-08-24 13:21:32","Checked-out","JBL Headphone","",
"J008","JBLQUANTUM100BLK","FA-Fixed Asset","NIL","CM0073-AM0901718","AATC","CBT1","","Ready","","","","23/8/2023","","","","","2022-08-24 13:21:32","Checked-out","JBL Headphone","",
"J007","JBLQUANTUM100BLK","FA-Fixed Asset","NIL","CM0073-AM0901717","AATC","CBT1","","Ready","","","","23/8/2023","","","","","2022-08-24 13:21:32","Checked-out","JBL Headphone","",
"J006","JBLQUANTUM100BLK","FA-Fixed Asset","NIL","CM0073-AM0901716","AATC","CBT3","","Ready","","","","23/8/2023","","","","","2022-08-24 13:21:32","Checked-out","JBL Headphone","",
"J005","JBLQUANTUM100BLK","FA-Fixed Asset","NIL","CM0073-AM0901715","AATC","CBT3","","Ready","","","","23/8/2023","","","","","2022-08-24 13:21:32","Checked-out","JBL Headphone","",
"J004","JBLQUANTUM100BLK","FA-Fixed Asset","NIL","CM0073-GL0682403","AATC","CBT3","","Ready","","","","23/8/2023","","","","","2022-08-24 13:21:32","Checked-out","JBL Headphone","",
"J003","JBLQUANTUM100BLK","FA-Fixed Asset","NIL","CM0073-GL0682404","AATC","CBT3","","Ready","","","","23/8/2023","","","","","2022-08-24 13:21:32","Checked-out","JBL Headphone","",
"J002","JBLQUANTUM100BLK","FA-Fixed Asset","NIL","CM0073-GL0682405","AATC","CBT3","","Ready","","","","23/8/2023","","","","","2022-08-24 13:21:32","Checked-out","JBL Headphone","",
"0010 - Midea Dehumidifier","Fixed Asset","FA-Fixed Asset","NIL","3412010000V1C1402M0098","AATC","CSO","","Ready","Model no: MDDM-20DEN7 / MO: F0278902","","","","","","","","2022-08-24 10:19:52","Available","FA/Fixed Asset","",
"J001","JBLQUANTUM100BLK","FA-Fixed Asset","NIL","CM0073-GL0682406","AATC","CBT3","","Ready","","","","","","","","","2022-08-23 16:18:39","Checked-out","JBL Headphone","",
"0009 - LG 49"" TV","Fixed Asset","FA-Fixed Asset","NIL","602KCUK1H982","AATC","M01-13","","Retired","0009","Model 49LX540S -TA","","","","","","","2022-05-11 10:02:46","Available","FA/Fixed Asset","",
"0008 - LG 49"" TV","Fixed Asset","FA-Fixed Asset","NIL","512INEW31652","AATC","M01-13","","Retired","0008","Model 49LX540S -TA","","","","","","","2022-05-11 10:01:27","Available","FA/Fixed Asset","",
"0007 - LG 49"" TV","Fixed Asset","FA-Fixed Asset","NIL","602KCNL1H959","AATC","M01-13","","Retired","0007","Model 49LX540S -TA","","","","","","","2022-05-11 09:57:08","Available","FA/Fixed Asset","",
"EPSON EB-2255U Projector 03","Fixed Asset","FA-Fixed Asset","NIL","X6551900016","AATC","Maintenance - A380 MR","","Ready","","","","","3200089","","","","2022-03-28 14:27:12","Available","FA/Fixed Asset","",
"EPSON EB-2255U Projector 01","Fixed Asset","FA-Fixed Asset","NIL","X6551Z00004","AATC","Maintenance - A350 MR","","Ready","","","","","3200087","","","","2022-02-10 14:38:42","Available","FA/Fixed Asset","",
"EPSON EB-2255U Projector 02","Fixed Asset","FA-Fixed Asset","NIL","X6551Z00038","AATC","Maintenance - Mgmt MR","","Ready","","","","","3200088","","","","2022-02-10 14:36:28","Available","FA/Fixed Asset","",
"OABA BESPOKE SYSTEM (DISPLAY PC)","Fixed Asset","FA/Fixed Asset","NIL","NIL","AATC","Lobby Displays","","","","","","","3200031","","","","2021-12-17 15:00:54","Available","FA/Fixed Asset","",
"EPOS T300 FOR AATC RETAIL SHOP","Fixed Asset","FA/Fixed Asset","NIL","NIL","AATC","Boutique","","","","","","","3200010","","","","2021-12-17 15:00:54","Available","FA/Fixed Asset","",
"HP Z230 Workstation","Fixed Asset","FA/Fixed Asset","NIL","NIL","AATC","M01-13","","","","","","","3200006","","","","2021-12-17 15:00:54","Available","FA/Fixed Asset","",
"MULTIFUNCTION PRINTERS CANON C5235","Fixed Asset","FA/Fixed Asset","NIL","NIL","AATC","3 Locations","","","","","","","3200002","","","","2021-12-17 15:00:54","Available","FA/Fixed Asset","",
"Ian's Workstation","Fixed Asset","FA/Fixed Asset","NIL","NIL","AATC","M01-06","","","","","","","4100026","","","","2021-12-17 15:00:54","Available","FA/Fixed Asset","",
"APC SMART-UPS 3000VA USB","Fixed Asset","FA/Fixed Asset","NIL","NIL","AATC","BMS","","","","","","","4100015","","","","2021-12-17 15:00:54","Available","FA/Fixed Asset","",
"PA SET/TRIPOD SPEAKER/MIC SET & STAND/CABLE","Fixed Asset","FA/Fixed Asset","NIL","NIL","AATC","T01-03 (Welcome Room)","","","","","","","4100013","","","","2021-12-17 15:00:54","Available","FA/Fixed Asset","",
"Dishwasher","Fixed Asset","FA/Fixed Asset","NIL","GB-H1E","AATC","Terminal","","","","","","","4100064","","","","2021-12-17 15:00:54","Available","FA/Fixed Asset","",
"Electric Combi Oven","Fixed Asset","FA/Fixed Asset","NIL","60210008","AATC","Terminal","","","","","","","4100063","","","","2021-12-17 15:00:54","Available","FA/Fixed Asset","",
"Storage Racking","Fixed Asset","FA/Fixed Asset","NIL","NIL","AATC","M01-01, 03, 05, 09","","","","","","","4100003","","","","2021-12-17 15:00:54","Available","FA/Fixed Asset","",
"Modular Workbench","Fixed Asset","FA/Fixed Asset","NIL","NIL","AATC","M01-09","","","","","","","4100001","","","","2021-12-17 15:00:54","Available","FA/Fixed Asset","",
"Modular Workbench","Fixed Asset","FA/Fixed Asset","NIL","NIL","AATC","M01-09","","","","","","","4100000","","","","2021-12-17 15:00:54","Available","FA/Fixed Asset","",
"LG 65UT640S TV","Fixed Asset","FA/Fixed Asset","NIL","NIL","AATC","Lobby Front Desk","","","","","","","4100057","","","","2021-12-17 15:00:54","Available","FA/Fixed Asset","",
"Meeting Table","Fixed Asset","FA/Fixed Asset","NIL","NIL","AATC","A350D DBR","","","","","","","4100061b","","","","2021-12-17 15:00:54","Available","FA/Fixed Asset","",
"Meeting Table","Fixed Asset","FA/Fixed Asset","NIL","NIL","AATC","T02-39 (A350D BR)","","","","","","","4100061a","","","","2021-12-17 15:00:54","Available","FA/Fixed Asset","",
"Whiteboard","Fixed Asset","FA/Fixed Asset","NIL","NIL","AATC","T02-39 (A350D BR)","","","","","","","4100058","","","","2021-12-17 15:00:54","Available","FA/Fixed Asset","",
"Shelving System","Fixed Asset","FA/Fixed Asset","NIL","NIL","AATC","M01-19","","","","","","","4100049","","","","2021-12-17 15:00:54","Available","FA/Fixed Asset","",
"Shelving System","Fixed Asset","FA/Fixed Asset","NIL","NIL","AATC","M01-17","","","","","","","4100048","","","","2021-12-17 15:00:54","Available","FA/Fixed Asset","",
"Fellowes 53C Paper Shredder","Fixed Asset","FA-Fixed Asset","NIL","53C140929VA005220 CRC46530","AATC","Level 2 Stationery area","","Disposed","","","","","","","","","2021-08-17 11:47:33","Available","FA/Fixed Asset","",
"0006 - LG 55"" TV","Fixed Asset","FA-Fixed Asset","NIL","507KCXM59914","AATC","Business Centre","","Retired","0006","Model 55LS35A-5B","","","","","","","2021-05-27 16:54:24","Available","FA/Fixed Asset","",
"0005 - LG 55"" TV","Fixed Asset","FA-Fixed Asset","NIL","509KCMR6Q107","AATC","Business Centre","","Retired","0005","Model 55LS35A-5B","","","","","","","2021-05-27 16:53:21","Available","FA/Fixed Asset","",
"0004 - LG 49"" TV","Fixed Asset","FA-Fixed Asset","NIL","512INKH31653","AATC","Business Centre","","Retired","0004","Model 49LX540S-TA","","","","","","","2021-05-27 16:52:00","Available","FA/Fixed Asset","",
"0003 - Dyson Cool AM 07 Tower Fan","Fixed Asset","FA-Fixed Asset","NIL","HSM2987212","AATC","A350D DBR","","Ready","0003","","","","","","","","2021-05-11 10:07:35","Available","FA/Fixed Asset","",
"0002 - Dyson Cool AM 07 Tower Fan","Fixed Asset","FA-Fixed Asset","NIL","HSM2987210","AATC","A350D BR","","Ready","0002","","","","","","","","2021-05-11 09:54:43","Available","FA/Fixed Asset","",
"L209","Lenovo Yoga 370","TB-Laptop","NIL","MP1E25CH","AATC","M01-13","2","Ready","2006","","M18183","2021-07-05","3200046","","","","2019-11-04 10:17:51","Available","TB/Laptops","https://storage.ventipix.com/asset_manager_assets/324160.jpg",
"FFIP001","Apple iPad Pro 11-inch WiFi 3G","FT-Ferry Flight Tablet","DEF","DMPY12LZKD86 / 85217865","AATC","M01-13","","Ready","2112.1","","35 869809 828434 1","2021/08/27","3200063","","","","2019-09-16 16:57:31","Checked-in","TB/FFIP","",
"FFIP002","Apple iPad Pro 11-inch WiFi 3G","FT-Ferry Flight Tablet","DEF","DMPY12VEKD86 / 85217866","AATC","M01-13","","Ready","2104","","35 869809 334716 8","2021/08/27","3200064","","","","2019-09-16 16:55:14","Available","TB/FFIP","",
"L208","Lenovo Yoga 370","TB-Laptop","INS F12A-1","MP1E25DL","AATC","Richard COWARD","7","Ready","2312","","M18183","2021/07/05","3200046","","","","2019-08-08 16:20:00","Checked-out","TB/Laptops","https://storage.ventipix.com/asset_manager_assets/291965.jpg",
"L210","Lenovo Yoga 370","TB-Laptop","DEF","MP1E23PA","TLSE","TLSE","0","Ready","NIL","","","2021/07/05","3200046","","","","2018-10-26 11:14:24","Available","TB/Laptops","https://storage.ventipix.com/asset_manager_assets/157839.jpg",
"L207","Lenovo Yoga 370","TB-Laptop","INS F11B-1","MP1E23CJ","AATC","Jonathan Paul","7","Ready","2306.1","","M18183","2021/07/05","3200046","","","","2018-10-19 09:48:41","Available","TB/Laptops","https://storage.ventipix.com/asset_manager_assets/152360.jpg",
"L206","Lenovo Yoga 370","TB-Laptop","TRN F12A-3","MP1E25PQ","AATC","SIN24-5502519","9","Ready","2411","","M18185","2021/07/05","3200046","","","","2018-10-19 09:47:39","Checked-out","TB/Laptops","https://storage.ventipix.com/asset_manager_assets/152359.jpg",
"L204","Lenovo Yoga 370","TB-Laptop","INS F12A-3","MP1E25DB","AATC","Chris AUNG","8","Ready","2407","","M18183","2021/07/05","","","","","2018-10-19 09:40:17","Available","TB/Laptops","https://storage.ventipix.com/asset_manager_assets/152358.jpg",
"L203","Lenovo Yoga 370","TB-Laptop","TRN F12A-3","MP1E23P6","AATC","SIN24-5502519","12","Ready","2412","","M18183","2021/07/05","3200046","","","","2018-10-19 09:39:25","Available","TB/Laptops","https://storage.ventipix.com/asset_manager_assets/152357.jpg",
"L202","Lenovo Yoga 370","TB-Laptop","TRN F12A-3","MP1E23P5","AATC","SIN24-5702659","13","Ready","2413","","M18183","2021/07/05","3200046","","","","2018-10-19 09:37:53","Checked-out","TB/Laptops","https://storage.ventipix.com/asset_manager_assets/152356.jpg",
"L201","Lenovo Yoga 370","TB-Laptop","TRN F12A-3","MP1E25D8","AATC","SIN24-5702659","9","Ready","2413","","M18183","2021/07/05","3200046","","","","2018-10-19 09:37:14","Checked-out","TB/Laptops","https://storage.ventipix.com/asset_manager_assets/152355.jpg",
"L200","Lenovo Yoga 370","TB-Laptop","TRN F12A-3","MP1E25CT","AATC","SIN24-5802232","9","Ready","2412","","M18184","2021/07/07","3200046","","","","2018-10-19 09:36:25","Checked-out","TB/Laptops","https://storage.ventipix.com/asset_manager_assets/152354.jpg",
"L205","Lenovo Yoga 370","TB-Laptop","INS F11B-1","MP1E25DR","AATC","M01-13","8","Ready","2305","","M18183","2021/07/05","3200046","","","","2018-10-18 14:29:51","Checked-in","TB/Laptops","https://storage.ventipix.com/asset_manager_assets/151985.jpg",
"L178","Lenovo Yoga 370","TB-Laptop","INS F12A-3","MP1E23P9","AATC","Peter NAYSADORAI","12","Ready","2413","","","2021/07/05","3200046","Repurposed and redeployed INST","","","2018-09-26 15:42:39","Available","TB/Laptops","https://storage.ventipix.com/asset_manager_assets/147668.jpg",
"L177","Lenovo Yoga 370","TB-Laptop","TRN F12A-3","MP1E25DA","AATC","M01-13","16","Ready","2413","","","2021/07/05","3200046","","","","2018-09-26 15:41:53","Available","TB/Laptops","https://storage.ventipix.com/asset_manager_assets/147667.jpg",
"L176","Lenovo Yoga 370","TB-Laptop","INS F12A-1","MP1E25CK","AATC","M01-13","16","Ready","2312","","","2021/07/05","3200046","","","","2018-09-26 15:34:00","Available","TB/Laptops","https://storage.ventipix.com/asset_manager_assets/147666.jpg",
"L175","Lenovo Yoga 370","TB-Laptop","TRN F12A-3","MP1E25CW","AATC","SIN24-5802231","16","Ready","2412","","","2021/07/05","3200046","","","","2018-09-26 15:32:40","Checked-out","TB/Laptops","https://storage.ventipix.com/asset_manager_assets/147665.jpg",
"L174","Lenovo Yoga 370","TB-Laptop","TRN F12A-3","MP1E25D4","AATC","SIN24-2502386","14","Ready","2412","","","2021/07/05","3200046","","","","2018-09-26 15:30:59","Checked-out","TB/Laptops","https://storage.ventipix.com/asset_manager_assets/147664.jpg",
"L173","Lenovo Yoga 370","TB-Laptop","TRN F12A-3","MP1E25E2","AATC","SIN24-2502385","14","Ready","2412","","","2021/07/05","3200046","","","","2018-09-26 15:30:10","Checked-out","TB/Laptops","https://storage.ventipix.com/asset_manager_assets/147663.jpg",
"L172","Lenovo Yoga 370","TB-Laptop","TRN F12A-3","MP1E25CV","AATC","SIN24-5502510","15","Ready","2411","","","2021/07/05","3200046","","","","2018-09-26 15:28:59","Checked-out","TB/Laptops","https://storage.ventipix.com/asset_manager_assets/147662.jpg",
"L171","Lenovo Yoga 370","TB-Laptop","TRN F12A-3","MP1E25D5","AATC","M01-13","13","Ready","2413","","","2021/07/05","3200046","","","","2018-09-26 15:21:58","Available","TB/Laptops","https://storage.ventipix.com/asset_manager_assets/147661.jpg",
"L170","Lenovo Yoga 370","TB-Laptop","TRN F12A-3","MP1E25CC","AATC","SIN25-5600458","14","Ready","2413","","","2021/07/05","3200046","","","","2018-09-26 15:15:18","Checked-out","TB/Laptops","https://storage.ventipix.com/asset_manager_assets/147660.jpg",
"L169","Lenovo Yoga 370","TB-Laptop","TRN F12A-3","MP1E25DE","AATC","SIN24-2502629","14","Ready","2412","","","2021/07/10","3200046","SSD replaced","","","2018-09-26 15:13:03","Available","TB/Laptops","https://storage.ventipix.com/asset_manager_assets/147659.jpg",
"L198","Lenovo Yoga 370","TB-Laptop","NIL","MP1E25E7","AATC","M01-13","9","Retired","2302","BER PARTIAL","","2021/07/05","3200046","Physical damage","","","2018-09-26 14:05:15","Available","TB/Laptops","https://storage.ventipix.com/asset_manager_assets/147650.jpg",
"L185","Lenovo Yoga 370","TB-Laptop","TRN F12A-3","MP1E25CF","AATC","M01-13","13","Ready","2413","","M18183","2021/07/05","3200046","","","","2018-09-26 14:04:13","Available","TB/Laptops","https://storage.ventipix.com/asset_manager_assets/147649.jpg",
"L179","Lenovo Yoga 370","TB-Laptop","TRN F12A-3","MP1E25CG","AATC","SIN24-2502386","13","Ready","2412","","M18183","2021/07/05","","","","","2018-09-24 10:35:41","Checked-out","TB/Laptops","https://storage.ventipix.com/asset_manager_assets/143694.jpg",
"L180","Lenovo Yoga 370","TB-Laptop","TRN F12A-1","MP1E23P7","AATC","M01-13","13","Ready","2403.1","","M18183","2021/07/05","","","","","2018-09-24 09:46:32","Checked-in","TB/Laptops","https://storage.ventipix.com/asset_manager_assets/143693.jpg",
"L199","Lenovo Yoga 370","TB-Laptop","TRN F12A-3","MP1E25CU","AATC","M01-13","9","Ready","2413","","","2021/07/05","3200046","","","","2018-09-24 09:32:53","Available","TB/Laptops","https://storage.ventipix.com/asset_manager_assets/143692.jpg",
"L197","Lenovo Yoga 370","TB-Laptop","TRN F12A-3","MP1E25DN","AATC","M01-13","13","Ready","2413","","","2021/07/05","3200046","","","","2018-09-24 09:31:33","Available","TB/Laptops","https://storage.ventipix.com/asset_manager_assets/143691.jpg",
"L196","Lenovo Yoga 370","TB-Laptop","TRN F12A-3","MP1E25PR","AATC","SIN24-5802232","14","Ready","2412","","","2021/07/06","3200046","","","","2018-09-24 09:30:36","Checked-out","TB/Laptops","https://storage.ventipix.com/asset_manager_assets/143690.jpg",
"L195","Lenovo Yoga 370","TB-Laptop","TRN F10A-1","MP1E23PB","AATC","M01-13","8","Ready","2413","","","2021/07/05","3200046","","","","2018-09-24 09:29:50","Available","TB/Laptops","https://storage.ventipix.com/asset_manager_assets/143689.jpg",
"L194","Lenovo Yoga 370","TB-Laptop","TRN F12A-3","MP1E25CN","AATC","SIN24-5802231","12","Ready","2412","","","2021/07/05","3200046","","","","2018-09-24 09:28:29","Checked-out","TB/Laptops","https://storage.ventipix.com/asset_manager_assets/143688.jpg",
"L193","Lenovo Yoga 370","TB-Laptop","TRN F12A-3","MP1E25Q7","AATC","M01-13","13","Ready","2413","","","2021/07/06","3200046","","","","2018-09-24 09:27:18","Available","TB/Laptops","https://storage.ventipix.com/asset_manager_assets/143687.jpg",
"L192","Lenovo Yoga 370","TB-Laptop","TRN F12A-3","MP1E25Q4","AATC","M01-13","13","Ready","2413","","","2021/07/06","3200046","","","","2018-09-24 09:26:32","Checked-in","TB/Laptops","https://storage.ventipix.com/asset_manager_assets/143686.jpg",
"L191","Lenovo Yoga 370","TB-Laptop","TRN F12A-3","MP1E25E5","AATC","M01-13","15","Ready","2413","","","2021/07/05","3200046","","","","2018-09-24 09:22:57","Checked-in","TB/Laptops","https://storage.ventipix.com/asset_manager_assets/143685.jpg",
"L190","Lenovo Yoga 370","TB-Laptop","TRN F12A-3","MP1E25CP","AATC","M01-13","14","Ready","2413","","","2021/07/05","3200046","","","","2018-09-24 09:21:41","Available","TB/Laptops","https://storage.ventipix.com/asset_manager_assets/143684.jpg",
"L189","Lenovo Yoga 370","TB-Laptop","TRN F12A-3","MP1E25DC","AATC","SIN24-2502415","13","Ready","2412","","","2021/07/05","3200046","","","","2018-09-24 09:20:41","Checked-out","TB/Laptops","https://storage.ventipix.com/asset_manager_assets/143683.jpg",
"L188","Lenovo Yoga 370","TB-Laptop","TRN F12A-3","MP1E25D2","AATC","M01-13","13","Ready","2413","","","2021/07/05","3200046","","","","2018-09-24 09:19:55","Available","TB/Laptops","https://storage.ventipix.com/asset_manager_assets/143682.jpg",
"L187","Lenovo Yoga 370","TB-Laptop","TRN F12A-1","MP1E23P4","AATC","M01-13","12","Ready","2409","","","2021/07/05","3200046","","","","2018-09-24 09:17:12","Available","TB/Laptops","https://storage.ventipix.com/asset_manager_assets/143681.jpg",
"L186","Lenovo Yoga 370","TB-Laptop","TRN F12A-1","MP1E25DX","AATC","M01-13","9","Ready","2409","","","2021/07/05","3200046","","","","2018-09-24 09:05:58","Available","TB/Laptops","https://storage.ventipix.com/asset_manager_assets/143680.jpg",
"L184","Lenovo Yoga 370","TB-Laptop","TRN F12A-1","MP1E25DS","AATC","M01-13","13","Ready","2409","","M18183","2021/07/05","3200046","","","","2018-09-24 09:03:45","Available","TB/Laptops","https://storage.ventipix.com/asset_manager_assets/143679.jpg",
"L183","Lenovo Yoga 370","TB-Laptop","TRN F12A-3","MP1E25DM","AATC","SIN24-2502415","15","Ready","2412","","M18183","2021/07/05","3200046","","","","2018-09-24 09:02:48","Checked-out","TB/Laptops","https://storage.ventipix.com/asset_manager_assets/143678.jpg",
"L182","Lenovo Yoga 370","TB-Laptop","TRN F11B-1","MP1E23P2","AATC","M01-13","11","Ready","2413","","","2021/07/05","3200046","","","","2018-09-24 09:00:58","Available","TB/Laptops","https://storage.ventipix.com/asset_manager_assets/143677.jpg",
"L181","Lenovo Yoga 370","TB-Laptop","TRN F11B-1","MP1E25DH","AATC","M01-13","12","Ready","2413","","","2021/07/05","3200046","","","","2018-09-24 08:59:51","Available","TB/Laptops","https://storage.ventipix.com/asset_manager_assets/143676.jpg",
"L168","Lenovo Yoga 370","TB-Laptop","TRN F12A-3","MP1E23P3","AATC","SIN25-5600458","15","Ready","2413","","","2021/07/06","3200046","","","","2018-09-13 16:15:08","Checked-out","TB/Laptops","https://storage.ventipix.com/asset_manager_assets/141968.jpg",
"L166","Lenovo Yoga 370","TB-Laptop","TRN F12A-3","MP1E23NT","AATC","M01-13","15","Ready","2413","","","2021/07/05","3200046","","","","2018-09-13 16:12:03","Available","TB/Laptops","https://storage.ventipix.com/asset_manager_assets/141967.jpg",
"L167","Lenovo Yoga 370","TB-Laptop","TRN F11B-1","MP1E25D6","AATC","M01-13","14","Ready","2413","","","2021/07/05","3200046","","","","2018-09-13 16:09:45","Available","TB/Laptops","https://storage.ventipix.com/asset_manager_assets/141965.jpg",
"L165","Lenovo Yoga 370","TB-Laptop","TRN F12A-1","MP1E25D4","AATC","M01-13","15","Ready","2409","","","2021/07/05","3200046","","","","2018-09-13 16:08:38","Available","TB/Laptops","https://storage.ventipix.com/asset_manager_assets/141964.jpg",
"L164","Lenovo Yoga 370","TB-Laptop","INS F12A-1","MP1E25CE","AATC","CSO INST","17","Ready","2413","Missing Stylus","","2021/07/05","3200046","","","","2018-09-13 11:32:20","Available","TB/Laptops","https://storage.ventipix.com/asset_manager_assets/141948.jpg",
"L162","Lenovo Yoga 370","TB-Laptop","INS F12A-1","MP1E25DT","AATC","CSO INST","17","Ready","2412","","M18183","2021/07/05","3200046","","","","2018-09-06 10:53:51","Available","TB/Laptops","https://storage.ventipix.com/asset_manager_assets/139639.jpg",
"L161","Lenovo Yoga 370","TB-Laptop","INS F10C-1","MP1E25E0","AATC","Patric FAN","5","Ready","2207","","M18183","2021/07/05","3200046","","","","2018-09-06 10:52:34","Available","TB/Laptops","https://storage.ventipix.com/asset_manager_assets/139638.jpg",
"L163","Lenovo Yoga 370","TB-Laptop","INS F10D-1","MP1E25E4","AATC","A350 Locker","6","Ready","2210","","M18183","2021/07/05","3200046","","","","2018-09-06 10:46:52","Available","TB/Laptops","https://storage.ventipix.com/asset_manager_assets/139637.jpg",
"L160","Lenovo Yoga 370","TB-Laptop","INS F10D-1","MP1E25DV","AATC","A350 Locker","7","Ready","2308.1","","M18183","2021/07/05","3200046","","","","2018-09-06 10:45:26","Available","TB/Laptops","https://storage.ventipix.com/asset_manager_assets/139636.jpg",
"L159","Lenovo Yoga 370","TB-Laptop","TRN F12A-3","MP1E25CL","AATC","SIN24-2502385","14","Ready","2412","","M18183","2021/07/06","3200046","","","","2018-09-06 10:06:56","Checked-out","TB/Laptops","https://storage.ventipix.com/asset_manager_assets/139635.jpg",
"L158","Lenovo Yoga 370","TB-Laptop","INS F12A-1","MP1E25E1","AATC","CSO","17","Ready","2413","","M18183","2021/07/05","3200046","FSA update issue fixed on 25/3/20. Imaged with F06A.build0","","","2018-09-06 10:05:59","Available","TB/Laptops","https://storage.ventipix.com/asset_manager_assets/139634.jpg",
"L157","Lenovo Yoga 370","TB-Laptop","INS F10D-1","MP1E23P0","SIA","A350 Locker","7","Ready","2413","","M18183","2021/07/05","3200046","","","","2018-09-06 10:03:55","Available","TB/Laptops","https://storage.ventipix.com/asset_manager_assets/139633.jpg",
"L156","Lenovo Yoga 370","TB-Laptop","INS F10D-1","MP1E23NY","SIA","A350 Locker","9","Ready","2413","","M18183","2021/07/05","3200046","","","","2018-09-05 14:39:58","Available","TB/Laptops","https://storage.ventipix.com/asset_manager_assets/139354.jpg",
"L155","Lenovo Yoga 370","TB-Laptop","INS F12A-3","MP1E23P1","AATC","Scoot Locker","10","Ready","2409","","M18183","2021/07/05","3200046","","","","2018-08-30 10:31:22","Available","TB/Laptops","https://storage.ventipix.com/asset_manager_assets/138215.jpg",
"L154","Lenovo Yoga 370","TB-Laptop","INS F11B-1","MP1E25D0","AATC","Scoot (Abhishek)","8","Ready","2302","","M18192","2021/07/05","3200046","","","","2018-08-30 10:30:34","Available","TB/Laptops","https://storage.ventipix.com/asset_manager_assets/138214.jpg",
"L153","Lenovo Yoga 370","TB-Laptop","INS F12A-1","MP1E25CQ","AATC","Capt Hong SY","14","Ready","2312","","M18183","2021/07/05","3200046","","","","2018-08-20 07:39:58","Available","TB/Laptops","https://storage.ventipix.com/asset_manager_assets/135723.jpg",
"L152","Lenovo Yoga 370","TB-Laptop","TRN F12A-3","MP1E25PT","AATC","SIN24-2502382","12","Ready","2412","","M18184","2021/07/05","3200046","","1.40399","103.85771","2018-08-20 07:35:18","Checked-out","TB/Laptops","https://storage.ventipix.com/asset_manager_assets/135722.jpg",
"L151","Lenovo Yoga 370","TB-Laptop","INS F10D-1","MP1E25DQ","SIA","SIA A380 Locker / Capt. Jeff Quek","10","Ready","2413","Replacement for L049","M18183","2021/07/05","3200046","","","","2018-08-20 07:34:08","Available","TB/Laptops","https://storage.ventipix.com/asset_manager_assets/135721.jpg",
"L150","Lenovo Yoga 370","TB-Laptop","TRN F12A-3","MP1E23PC","AATC","SIN24-2502382","16","Ready","2412","","M18183","2021/07/05","3200046","","","","2018-08-20 07:33:16","Checked-out","TB/Laptops","https://storage.ventipix.com/asset_manager_assets/135720.jpg",
"L149","Lenovo Yoga 370","TB-Laptop","TRN F12A-1","MP1E25DW","AATC","M01-13","11","TOG","2401","","M18183","2021/07/05","3200046","","","","2018-08-20 07:32:15","Checked-in","TB/Laptops","https://storage.ventipix.com/asset_manager_assets/135719.jpg",
"L148","Lenovo Yoga 370","TB-Laptop","TRN F12A-1","MP1E23NZ","AATC","M01-13","9","Ready","2404","","M18183","2021/07/05","3200046","IGCC issue. Workaround completed.","","","2018-08-03 09:19:50","Checked-in","TB/Laptops","https://storage.ventipix.com/asset_manager_assets/133800.jpg",
"L147","Lenovo Yoga 370","TB-Laptop","TRN F12A-1","MP1E23PD","AATC","M01-13","13","TOG","2402","","M18183","2021/07/5","3200046","","","","2018-08-03 09:19:04","Checked-in","TB/Laptops","https://storage.ventipix.com/asset_manager_assets/133799.jpg",
"L146","Lenovo Yoga 370","TB-Laptop","TRN F12A-3","MP1E25CY","AATC","M01-13","15","Ready","2413","","M18184","2021/07/05","3200046","","","","2018-08-03 09:18:15","Checked-in","TB/Laptops","https://storage.ventipix.com/asset_manager_assets/133798.jpg",
"L145","Lenovo Yoga 370","TB-Laptop","INS F10D-1","MP1E23NU","AATC","Joseph","10","Ready","2209","","M18183","2021/07/05","3200046","","","","2018-08-03 09:17:28","Available","TB/Laptops","https://storage.ventipix.com/asset_manager_assets/133797.jpg",
"L144","Lenovo Yoga 370","TB-Laptop","TRN F12A-3","MP1E23P8","AATC","SIN25-5600465","12","Ready","2413","","M18183","2021/07/05","3200046","","","","2018-08-03 09:15:52","Checked-out","TB/Laptops","https://storage.ventipix.com/asset_manager_assets/133796.jpg",
"L143","Lenovo Yoga 370","TB-Laptop","INS F10D-1","MP1E25DJ","SIA","A350 Locker","9","Ready","2413","","M18191","2021/07/05","3200046","","","","2018-08-03 09:14:15","Available","TB/Laptops","https://storage.ventipix.com/asset_manager_assets/133795.jpg",
"L142","Lenovo Yoga 370","TB-Laptop","INS F12A-1","MP1E25D1","AATC","GSI Wong Chee Woh","15","Ready","2312","","M18184","2021-07-05","3200046","","","","2018-08-03 09:12:27","Checked-out","TB/Laptops","https://storage.ventipix.com/asset_manager_assets/133794.jpg",
"L141","Lenovo Yoga 370","TB-Laptop","TRN F12A-3","MP1E25DP","AATC","M01-13","9","Ready","2411","","M18183","2021-03-21","3200045","","","","2018-08-03 09:11:40","Available","TB/Laptops","https://storage.ventipix.com/asset_manager_assets/133793.jpg",
"L012","Lenovo Yoga 370","TB-Laptop","INS F10E-1","MP1C9GGB","AATC","Chan TW","14","Ready","2213","","M17272","2020/11/20","3200036","","","","2018-07-20 16:27:23","Available","TB/Laptops","https://storage.ventipix.com/asset_manager_assets/131120.jpg",
"L140","Lenovo Yoga 370","TB-Laptop","TRN F12A-3","MP1CXDYE","AATC","M01-13","16","TOG","2409","","M18016","2021-03-21","3200045","","","","2018-07-20 10:33:13","Checked-in","TB/Laptops","https://storage.ventipix.com/asset_manager_assets/131116.jpg",
"L139","Lenovo Yoga 370","TB-Laptop","TRN F12A-3","MP1CXFN3","AATC","SIN24-3502407","14","Ready","2412","","M18033","2021-03-21","3200045","","","","2018-07-20 10:32:45","Checked-out","TB/Laptops","https://storage.ventipix.com/asset_manager_assets/131115.jpg",
"L138","Lenovo Yoga 370","TB-Laptop","TRN F12A-1","MP1CXHC7","AATC","M01-13","13","Ready","2410","","M18016","2021-03-21","3200045","Missing AC adapter returned  2020/8/5 - USB-C charger issued. No follow up, case closed.","","","2018-07-20 10:32:16","Available","TB/Laptops","https://storage.ventipix.com/asset_manager_assets/131114.jpg",
"L137","Lenovo Yoga 370","TB-Laptop","TRN F12A-1","MP1CXFLP","AATC","M01-13","13","TOG","2404","","M18016","2021-03-21","3200045","","","","2018-07-20 10:31:49","Checked-in","TB/Laptops","https://storage.ventipix.com/asset_manager_assets/131113.jpg",
"L136","Lenovo Yoga 370","TB-Laptop","TRN F12A-3","MP1CXFKQ","AATC","SIN24-5802226","14","Ready","2410","","M18016","2021-03-21","","","","","2018-07-20 10:31:21","Checked-out","TB/Laptops","https://storage.ventipix.com/asset_manager_assets/131112.jpg",
"L135","Lenovo Yoga 370","TB-Laptop","TRN F12A-3","MP1CXH8T","AATC","SIN24-5802226","9","Ready","2410","","M18016","2021/03/21","3200045","","","","2018-07-20 10:30:53","Checked-out","TB/Laptops","https://storage.ventipix.com/asset_manager_assets/131111.jpg",
"L134","Lenovo Yoga 370","TB-Laptop","TRN F12A-3","MP1CXE08","AATC","SIN24-3502407","15","Ready","2412","","M18022","2021-03-21","3200045","","","","2018-07-20 10:28:44","Checked-out","TB/Laptops","https://storage.ventipix.com/asset_manager_assets/131110.jpg",
"L133","Lenovo Yoga 370","TB-Laptop","TRN F11B-1","MP1CXHAR","AATC","M01-13","13","Ready","2413","","M18022","2021-03-21","3200045","","","","2018-07-20 10:28:10","Available","TB/Laptops","https://storage.ventipix.com/asset_manager_assets/131109.jpg",
"L132","Lenovo Yoga 370","TB-Laptop","NIL","MP1CXHCB","AATC","M01-13","8","Retired","2303","BER","M18022","2021/03/21","3200045","MISSING AC CHARGER x2 (from L019)  Physical and keyboard damage","","","2018-07-20 10:24:13","Available","TB/Laptops","https://storage.ventipix.com/asset_manager_assets/131108.jpg",
"L131","Lenovo Yoga 370","TB-Laptop","TRN F12A-3","MP1CXH7R","AATC","M01-13","5","Ready","2413","","M18021","2021/03/21","3200045","","","","2018-07-20 10:23:29","Available","TB/Laptops","https://storage.ventipix.com/asset_manager_assets/131107.jpg",
"L130","Lenovo Yoga 370","TB-Laptop","TRN F12A-3","MP1CXDZZ","AATC","SIN25-5600465","8","Ready","2413","","M18021","2021/03/21","3200045","","","","2018-07-20 10:22:46","Checked-out","TB/Laptops","https://storage.ventipix.com/asset_manager_assets/131106.jpg",
"L129","Lenovo Yoga 370","TB-Laptop","TRN F12A-3","MP1CXFL2","AATC","M01-13","5","Ready","2413","","M18022","2021-03-21","3200045","","","","2018-07-20 10:22:10","Available","TB/Laptops","https://storage.ventipix.com/asset_manager_assets/131105.jpg",
"L128","Lenovo Yoga 370","TB-Laptop","TRN F12A-3","MP1CXHEM","AATC","M01-13","5","Ready","2413","","M18033","2021/03/21","3200045","","","","2018-07-20 10:21:35","Available","TB/Laptops","https://storage.ventipix.com/asset_manager_assets/131104.jpg",
"L127","Lenovo Yoga 370","TB-Laptop","TRN F12A-3","MP1CXDYW","AATC","M01-13","6","Ready","2413","","M18016","2021/03/21","3200045","","","","2018-07-20 10:18:05","Available","TB/Laptops","https://storage.ventipix.com/asset_manager_assets/131103.jpg",
"L126","Lenovo Yoga 370","TB-Laptop","TRN F12A-3","MP1CXH6Z","AATC","M01-13","6","Ready","2413","","M18016","2021/03/21","3200045","","","","2018-07-20 10:01:20","Available","TB/Laptops","https://storage.ventipix.com/asset_manager_assets/131102.jpg",
"L125","Lenovo Yoga 370","TB-Laptop","TRN F12A-3","MP1CXCK0","AATC","M01-13","5","Ready","2413","","M18021","2021-03-21","3200045","","","","2018-07-20 10:00:39","Available","TB/Laptops","https://storage.ventipix.com/asset_manager_assets/131101.jpg",
"L124","Lenovo Yoga 370","TB-Laptop","TRN F12A-3","MP1CXH8Q","AATC","M01-13","6","Ready","2413","","M18016","2021/03/21","3200045","","","","2018-07-20 09:59:55","Available","TB/Laptops","https://storage.ventipix.com/asset_manager_assets/131100.jpg",
"L123","Lenovo Yoga 370","TB-Laptop","TRN F12A-3","MP1CXCH3","AATC","M01-13","5","Ready","2413","","M18022","2021/03/21","3200045","","","","2018-07-20 09:58:16","Available","TB/Laptops","https://storage.ventipix.com/asset_manager_assets/131099.jpg",
"L122","Lenovo Yoga 370","TB-Laptop","TRN F12A-3","MP1CXCHM","AATC","SIN25-5600459","4","Ready","2413","","M18016","2021/03/21","3200045","","","","2018-07-20 09:57:45","Checked-out","TB/Laptops","https://storage.ventipix.com/asset_manager_assets/131098.jpg",
"L121","Lenovo Yoga 370","TB-Laptop","TRN F12A-3","MP1CXDZ6","AATC","SIN25-5600459","13","Ready","2413","","M18021","2021/03/21","3200045","","1.40399","103.85771","2018-07-20 09:53:31","Checked-out","TB/Laptops","https://storage.ventipix.com/asset_manager_assets/131097.jpg",
"L120","Lenovo Yoga 370","TB-Laptop","INS F12A-1","MP1CXFN9","AATC","Isac","12","Ready","2312","Replacing L032","M18016","2021/03/21","3200045","","","","2018-07-20 09:52:48","Available","TB/Laptops","https://storage.ventipix.com/asset_manager_assets/131096.jpg",
"L119","Lenovo Yoga 370","TB-Laptop","TRN F12A-3","MP1CXHAS","AATC","SIN24-5802229","14","Ready","2412","","M18016","2021/03/21","3200045","","","","2018-07-20 09:52:22","Available","TB/Laptops","https://storage.ventipix.com/asset_manager_assets/131095.jpg",
"L118","Lenovo Yoga 370","TB-Laptop","NIL","MP1CXE1A","AATC","M01-13","8","Retired","NIL","BER PARTIAL","M18016","2021/03/21","3200045","2022/02/25 - AC adaptor not charging not able to boot up 2022/06/20 - Swapped crack screen  from L026 to L118","","","2018-07-20 09:51:50","Available","TB/Laptops","https://storage.ventipix.com/asset_manager_assets/131094.jpg",
"L117","Lenovo Yoga 370","TB-Laptop","TRN F12A-3","MP1CXFMK","AATC","SIN24-5802229","16","Ready","2412","","M18022","2021/03/21","3200045","","","","2018-07-20 09:51:23","Available","TB/Laptops","https://storage.ventipix.com/asset_manager_assets/131093.jpg",
"L116","Lenovo Yoga 370","TB-Laptop","TRN F12A-3","MP1CXFN1","AATC","SIN25-3600373","21","Ready","2413","","M18022","2021/03/21","3200045","","","","2018-07-20 09:50:55","Checked-out","TB/Laptops","https://storage.ventipix.com/asset_manager_assets/131092.jpg",
"L115","Lenovo Yoga 370","TB-Laptop","TRN F12A-3","MP1CXFMK","AATC","SIN25-5500399","17","Ready","2413","","M18022","2021/03/21","3200045","","","","2018-07-20 09:50:07","Checked-out","TB/Laptops","https://storage.ventipix.com/asset_manager_assets/131091.jpg",
"L114","Lenovo Yoga 370","TB-Laptop","TRN F10A-1","MP1CXE11","AATC","Unknown","10","Ready","2206","","M18016","2021/03/21","3200045","Last seen M01-13 2022-07-14","","","2018-07-20 09:49:30","Available","TB/Laptops","https://storage.ventipix.com/asset_manager_assets/131090.jpg",
"L113","Lenovo Yoga 370","TB-Laptop","INS F12A-1","MP1CXE18","AATC","Chan KF","13","Ready","2312","","M18016","2021/03/21","3200045","","","","2018-07-20 09:48:45","Available","TB/Laptops","https://storage.ventipix.com/asset_manager_assets/131089.jpg",
"L112","Lenovo Yoga 370","TB-Laptop","TRN F12A-3","MP1CXH7S","AATC","SIN24-5502556","12","Ready","2412","","M18016","2021/03/21","3200045","","","","2018-07-20 09:44:40","Available","TB/Laptops","https://storage.ventipix.com/asset_manager_assets/131088.jpg",
"L111","Lenovo Yoga 370","TB-Laptop","TRN F12A-1","MP1CXCK8","AATC","M01-13","11","Ready","2401","","M18016","2021/03/21","3200045","Retired from active svc","","","2018-07-20 09:43:52","Checked-in","TB/Laptops","https://storage.ventipix.com/asset_manager_assets/131087.jpg",
"L110","Lenovo Yoga 370","TB-Laptop","NIL","MP1CXDZE","AATC","M01-13","8","Retired","2112","BER PARTIAL","M18016","2021/03/21","3200045","Physical screen damage","","","2018-07-20 09:43:11","Available","TB/Laptops","https://storage.ventipix.com/asset_manager_assets/131086.jpg",
"L109","Lenovo Yoga 370","TB-Laptop","TRN F12A-1","MP1CXH7G","AATC","M01-13","11","Ready","2406","","M18021","2021/03/21","3200045","","","","2018-07-20 09:41:58","Available","TB/Laptops","https://storage.ventipix.com/asset_manager_assets/131085.jpg",
"L108","Lenovo Yoga 370","TB-Laptop","TRN F12A-3","MP1CXHCD","AATC","SIN25-3600373","13","Ready","2413","","M18016","2021/03/21","3200045","","","","2018-07-20 09:41:27","Checked-out","TB/Laptops","https://storage.ventipix.com/asset_manager_assets/131084.jpg",
"L107","Lenovo Yoga 370","TB-Laptop","TRN F12A-3","MP1CXHCF","AATC","SIN25-5500247","14","Ready","2413","","M18016","2021/03/21","3200045","","","","2018-07-20 09:40:32","Checked-out","TB/Laptops","https://storage.ventipix.com/asset_manager_assets/131083.jpg",
"L106","Lenovo Yoga 370","TB-Laptop","TRN F12A-1","MP1CXFMG","AATC","M01-13","15","Ready","2403.1","","M18016","2021/03/21","3200045","","","","2018-07-20 09:40:03","Available","TB/Laptops","https://storage.ventipix.com/asset_manager_assets/131082.jpg",
"L105","Lenovo Yoga 370","TB-Laptop","INS F12A-1","MP1CXCJC","AATC","Corey TOH","16","Ready","2312","","M18016","2021/03/21","3200045","","","","2018-07-20 09:39:31","Checked-out","TB/Laptops","https://storage.ventipix.com/asset_manager_assets/131081.jpg",
"L104","Lenovo Yoga 370","TB-Laptop","INS F12A-3","MP1CXHAV","AATC","M01-13","17","Ready","2410","","M18016","2021/03/21","3200045","","","","2018-07-20 09:38:46","Available","TB/Laptops","https://storage.ventipix.com/asset_manager_assets/131080.jpg",
"L103","Lenovo Yoga 370","TB-Laptop","TRN F12A-3","MP1CXH9D","AATC","SIN24-5802228","14","Ready","2412","","M18016","2021/03/21","3200045","","","","2018-07-20 09:38:15","Available","TB/Laptops","https://storage.ventipix.com/asset_manager_assets/131079.jpg",
"L102","Lenovo Yoga 370","TB-Laptop","INS F10D-1","MP1CXDZU","SIA","A350 Locker","9","Ready","2413","","M18022","2021/03/21","3200045","","","","2018-07-20 09:37:45","Available","TB/Laptops","https://storage.ventipix.com/asset_manager_assets/131078.jpg",
"L101","Lenovo Yoga 370","TB-Laptop","TRN F12A-3","MP1CXFKL","AATC","M01-13","15","Ready","2413","","M18022","2021/03/21","3200045","","","","2018-07-20 09:37:12","Available","TB/Laptops","https://storage.ventipix.com/asset_manager_assets/131077.jpg",
"L100","Lenovo Yoga 370","TB-Laptop","TRN F12A-1","MP1CXDZV","AATC","M01-13","17","Ready","2409","","M18016","2021/03/21","3200045","","","","2018-07-12 14:33:59","Available","TB/Laptops","https://storage.ventipix.com/asset_manager_assets/130366.jpg",
"L099","Lenovo Yoga 370","TB-Laptop","TRN F10A-1","MP1CXH74","AATC","M01-13","14","Ready","2413","","M18016","2021/03/21","3200045","","","","2018-07-12 14:33:26","Available","TB/Laptops","https://storage.ventipix.com/asset_manager_assets/130365.jpg",
"L098","Lenovo Yoga 370","TB-Laptop","TRN F12A-3","MP1CXFLU","AATC","SIN24-5502562","18","Ready","2412","","M18033","2021/03/21","3200045","","","","2018-07-12 14:32:59","Checked-out","TB/Laptops","https://storage.ventipix.com/asset_manager_assets/130364.jpg",
"L097","Lenovo Yoga 370","TB-Laptop","TRN F10A-1","MP1CXE1A","AATC","M01-13","15","Ready","2413","","M18016","2021/03/21","3200045","","","","2018-07-12 14:26:56","Available","TB/Laptops","https://storage.ventipix.com/asset_manager_assets/130363.jpg",
"L096","Lenovo Yoga 370","TB-Laptop","INS F10D-1","MP1CXHAY","SIA","SIA A380 Locker / Capt. Jeff Quek","11","Ready","2406","","M18016","2021/03/21","3200045","","","","2018-07-12 14:25:58","Available","TB/Laptops","https://storage.ventipix.com/asset_manager_assets/130362.jpg",
"L095","Lenovo Yoga 370","TB-Laptop","INS F10D-1","MP1CXHAQ","SIA","A350 Locker","10","Ready","2413","","M18022","2021/03/21","3200045","Additional Slim Tip AC adapter issued - reported loss 30/8/21","","","2018-07-12 14:25:31","Available","TB/Laptops","https://storage.ventipix.com/asset_manager_assets/130361.jpg",
"L094","Lenovo Yoga 370","TB-Laptop","INS F12A-1","MP1CXEOX","AATC","Ronson","13","Ready","2311","","M18022","2021/03/21","3200045","","","","2018-07-12 14:24:57","Available","TB/Laptops","https://storage.ventipix.com/asset_manager_assets/130360.jpg",
"L093","Lenovo Yoga 370","TB-Laptop","NIL","MP1CXHDB","AATC","M01-13","7","Retired","2102","BER PARTIAL","M18016","2021/03/21","3200045","Ex Anthony Deng assigned SSD failure","","","2018-07-12 14:24:33","Available","TB/Laptops","https://storage.ventipix.com/asset_manager_assets/130359.jpg",
"L092","Lenovo Yoga 370","TB-Laptop","TRN F12A-1","MP1CXHA1","AATC","SFC","16","Ready","2401","","M18016","2021/03/21","3200045","","","","2018-07-12 14:24:05","Available","TB/Laptops","https://storage.ventipix.com/asset_manager_assets/130358.jpg",
"L091","Lenovo Yoga 370","TB-Laptop","INS F12A-1","MP1CXCHH","AATC","M01-13","11","Ready","2413","","M18016","2021/03/21","3200045","Ex Don Mishra assigned","","","2018-07-12 14:23:31","Checked-in","TB/Laptops","https://storage.ventipix.com/asset_manager_assets/130357.jpg",
"L090","Lenovo Yoga 370","TB-Laptop","INS F12A-1","MP1CXDYP","AATC","CSO","16","Ready","2413","","M18016","2021/03/21","3200045","FSA update issue fixed on 25/3/20. Imaged with F06A.build0","","","2018-07-12 14:22:58","Available","TB/Laptops","https://storage.ventipix.com/asset_manager_assets/130356.jpg",
"L089","Lenovo Yoga 370","TB-Laptop","INS F12A-1","MP1CXCHE","AATC","William Chay","8","Ready","2312","","","2021/03/21","3200045","","","","2018-07-12 14:22:29","Available","TB/Laptops","https://storage.ventipix.com/asset_manager_assets/130355.jpg",
"L088","Lenovo Yoga 370","TB-Laptop","INS F12A-1","MP1CXH79","AATC","M01-13","18","Ready","2403.1","","M18016","2021/03/21","3200045","","","","2018-07-12 14:21:54","Available","TB/Laptops","https://storage.ventipix.com/asset_manager_assets/130354.jpg",
"L087","Lenovo Yoga 370","TB-Laptop","TRN F10A-1","MP1CXH9Y","AATC","M01-13","13","Ready","2413","","M18016","2021/03/21","3200045","","","","2018-07-12 14:21:21","Available","TB/Laptops","https://storage.ventipix.com/asset_manager_assets/130353.jpg",
"L086","Lenovo Yoga 370","TB-Laptop","TRN F10A-1","MP1CXCHV","AATC","M01-13","11","Ready","2413","","M18022","2021/03/21","3200045","","","","2018-07-12 14:20:53","Available","TB/Laptops","https://storage.ventipix.com/asset_manager_assets/130352.jpg",
"L085","Lenovo Yoga 370","TB-Laptop","TRN F12A-3","MP1CXCGQ","AATC","SIN24-5802227","17","Ready","2412","","M18016","2021/03/21","3200045","","","","2018-07-12 14:20:15","Available","TB/Laptops","https://storage.ventipix.com/asset_manager_assets/130351.jpg",
"L084","Lenovo Yoga 370","TB-Laptop","TRN F12A-3","MP1CXFMX","AATC","SIN24-2502629","15","Ready","2411","","M18041","2021/03/21","3200045","","","","2018-07-12 14:19:36","Checked-out","TB/Laptops","https://storage.ventipix.com/asset_manager_assets/130350.jpg",
"L083","Lenovo Yoga 370","TB-Laptop","INS F12A-3","MP1CXCJU","SIA","SIA GRN","5","Ready","2409","Drawn by Capt Benson - 04/10/22","M18016","2021/03/21","3200045","","","","2018-07-12 14:18:46","Available","TB/Laptops","https://storage.ventipix.com/asset_manager_assets/130348.jpg",
"L082","Lenovo Yoga 370","TB-Laptop","TRN F10A-1","MP1CXHB2","AATC","SIN24-8602514","13","Ready","2413","","M18016","2021/03/21","3200045","","","","2018-07-12 13:57:50","Checked-out","TB/Laptops","https://storage.ventipix.com/asset_manager_assets/130347.jpg",
"L081","Lenovo Yoga 370","TB-Laptop","TRN F12A-3","MP1CXH8K","AATC","SIN24-5802227","15","Ready","2412","","M18016","2021/03/21","3200045","","","","2018-07-12 13:54:48","Available","TB/Laptops","https://storage.ventipix.com/asset_manager_assets/130346.jpg",
"L080","Lenovo Yoga 370","TB-Laptop","TRN F12A-3","MP1CXHAW","AATC","SIN24-5802230","17","Ready","2412","","M18016","2021/03/21","3200045","","","","2018-07-12 13:54:21","Checked-out","TB/Laptops","https://storage.ventipix.com/asset_manager_assets/130345.jpg",
"L079","Lenovo Yoga 370","TB-Laptop","TRN F12A-3","MP1CXFLD","AATC","SIN24-5502556","18","Ready","2412","","M18022","2021/03/21","3200045","","","","2018-07-12 13:53:35","Checked-out","TB/Laptops","https://storage.ventipix.com/asset_manager_assets/130344.jpg",
"L078","Lenovo Yoga 370","TB-Laptop","TRN F12A-3","MP1CXFLZ","AATC","SIN24-5802230","17","Ready","2412","","M18022","2021/03/21","3200045","","","","2018-07-12 13:52:17","Checked-out","TB/Laptops","https://storage.ventipix.com/asset_manager_assets/130343.jpg",
"L077","Lenovo Yoga 370","TB-Laptop","TRN F12A-3","MP1CXH80","AATC","SIN25-5600464","16","Ready","2413","","M18016","2021/03/21","3200045","","","","2018-07-12 13:51:50","Checked-out","TB/Laptops","https://storage.ventipix.com/asset_manager_assets/130342.jpg",
"L076","Lenovo Yoga 370","TB-Laptop","TRN F12A-3","MP1CXFND","AATC","SIN24-5502556","14","Ready","2412","","M18022","2021/03/21","3200045","","","","2018-07-12 13:51:10","Checked-out","TB/Laptops","https://storage.ventipix.com/asset_manager_assets/130341.jpg",
"L075","Lenovo Yoga 370","TB-Laptop","TRN F12A-3","MP1CXHBY","AATC","SIN24-5502562","16","Ready","2412","","M18022","2021/03/21","3200045","","","","2018-07-12 13:50:10","Checked-out","TB/Laptops","https://storage.ventipix.com/asset_manager_assets/130340.jpg",
"L074","Lenovo Yoga 370","TB-Laptop","TRN F12A-3","MP1CXHBH","AATC","SIN24-2502617","19","Ready","2411","","M18016","2021/03/21","3200045","","","","2018-07-12 13:49:39","Checked-out","TB/Laptops","https://storage.ventipix.com/asset_manager_assets/130339.jpg",
"L073","Lenovo Yoga 370","TB-Laptop","NIL","MP1CXDZL","AATC","M01-13","13","Retired","2303","","M18022","2021/03/21","3200045","LCD backlight issue - unable to resolve 15/5/2023","","","2018-07-12 13:49:06","Available","TB/Laptops","https://storage.ventipix.com/asset_manager_assets/130338.jpg",
"L072","Lenovo Yoga 370","TB-Laptop","TRN F12A-3","MP1CXHAU","AATC","SIN25-5500399","18","Ready","2413","","M18016","2021/03/21","3200045","","","","2018-07-12 13:47:35","Checked-out","TB/Laptops","https://storage.ventipix.com/asset_manager_assets/130337.jpg",
"L071","Lenovo Yoga 370","TB-Laptop","TRN F12A-1","MP1CXFM6","AATC","M01-13","12","Ready","2401","","M18016","2021/03/21","3200045","BER 4/5/2021","","","2018-07-12 13:47:06","Checked-in","TB/Laptops","https://storage.ventipix.com/asset_manager_assets/130336.jpg",
"L070","Lenovo Yoga 370","TB-Laptop","INS F12A-1","MP1C9J6N","AATC","Tan BP","12","Ready","2312","","M17263","2020/11/20","3200036","","","","2018-07-12 13:46:35","Available","TB/Laptops","https://storage.ventipix.com/asset_manager_assets/130335.jpg",
"L069","Lenovo Yoga 370","TB-Laptop","INS F11B-1","MP1C9J7T","AATC","Don Mishra","12","Ready","2302","","M17272","2020/11/20","","","","","2018-07-12 13:45:54","Available","TB/Laptops","https://storage.ventipix.com/asset_manager_assets/130334.jpg",
"L068","Lenovo Yoga 370","TB-Laptop","TRN F12A-3","MP1C9GG4","AATC","SIN25-5500247","18","Ready","2413","","M17385","2020/11/20","3200036","","","","2018-07-12 13:45:25","Checked-out","TB/Laptops","https://storage.ventipix.com/asset_manager_assets/130333.jpg",
"L067","Lenovo Yoga 370","TB-Laptop","TRN F12A-3","MP1C9GHT","AATC","SIN24-5502562","18","Ready","2412","","M17384","2020/11/20","3200036","","","","2018-07-12 13:44:41","Checked-out","TB/Laptops","https://storage.ventipix.com/asset_manager_assets/130332.jpg",
"L066","Lenovo Yoga 370","TB-Laptop","TRN F12A-3","MP1C9GHB","AATC","SIN24-2502474","15","Ready","2412","","M17385","2020/11/20","3200036","","","","2018-07-12 13:43:21","Available","TB/Laptops","https://storage.ventipix.com/asset_manager_assets/130331.jpg",
"L065","Lenovo Yoga 370","TB-Laptop","TRN F12A-3","MP1C9GHH","AATC","SIN24-5502559","19","Ready","2413","","M17263","2020/11/20","3200036","","","","2018-07-12 13:42:43","Available","TB/Laptops","https://storage.ventipix.com/asset_manager_assets/130330.jpg",
"L064","Lenovo Yoga 370","TB-Laptop","TRN F10D-1","MP1C9J6R","AATC","M01-13","15","Ready","2402","","M17384","2020/11/20","3200036","","","","2018-07-12 13:42:12","Available","TB/Laptops","https://storage.ventipix.com/asset_manager_assets/130329.jpg",
"L063","Lenovo Yoga 370","TB-Laptop","TRN F12A-3","MP1C9EHK","AATC","SIN25-5500245","16","Ready","2413","","M17354","2020/11/20","3200036","","","","2018-07-12 13:41:42","Checked-out","TB/Laptops","https://storage.ventipix.com/asset_manager_assets/130328.jpg",
"L062","Lenovo Yoga 370","TB-Laptop","TRN F12A-3","MP1C9J7K","AATC","SIN25-5500245","15","Ready","2413","","M17272","2020/11/20","3200036","","","","2018-07-12 13:41:14","Checked-out","TB/Laptops","https://storage.ventipix.com/asset_manager_assets/130327.jpg",
"L061","Lenovo Yoga 370","TB-Laptop","TRN F10A-1","MP1C9GGD","AATC","SIN24-8602514","11","Ready","2413","","M17376","2020/11/20","3200036","","","","2018-07-12 13:40:39","Checked-out","TB/Laptops","https://storage.ventipix.com/asset_manager_assets/130326.jpg",
"L060","Lenovo Yoga 370","TB-Laptop","TRN F12A-3","MP1C9EHS","AATC","SIN25-2500367","16","Ready","2413","","M17376","2020/11/20","3200036","","","","2018-07-12 10:02:54","Checked-out","TB/Laptops","https://storage.ventipix.com/asset_manager_assets/130325.jpg",
"L059","Lenovo Yoga 370","TB-Laptop","TRN F12A-3","MP1C9J6P","AATC","SIN25-2500367","16","Ready","2413","","M17274","2020/11/20","3200036","","","","2018-07-12 10:02:04","Checked-out","TB/Laptops","https://storage.ventipix.com/asset_manager_assets/130324.jpg",
"L058","Lenovo Yoga 370","TB-Laptop","INS F10D-1","MP1C9GHY","SIA","A350 Locker","7","Ready","2413","","M17385","2020/11/20","","","","","2018-07-12 10:01:19","Available","TB/Laptops","https://storage.ventipix.com/asset_manager_assets/130323.jpg",
"L057","Lenovo Yoga 370","TB-Laptop","INS F12A-3","MP1C9GHK","AATC","M01-13","17","Ready","2411","","M17385","2020/11/20","3200036","","","","2018-07-12 10:00:35","Checked-in","TB/Laptops","https://storage.ventipix.com/asset_manager_assets/130322.jpg",
"L056","Lenovo Yoga 370","TB-Laptop","TRN F12A-3","MP1C9GGM","AATC","SIN25-5600464","10","Ready","2413","","M17272","2020/11/20","","","","","2018-07-12 09:59:18","Checked-out","TB/Laptops","https://storage.ventipix.com/asset_manager_assets/130321.jpg",
"L055","Lenovo Yoga 370","TB-Laptop","INS F12A-1","MP1C9GJC","AATC","Clarence See","10","Ready","2313","","M17274","2020/11/20","3200045","","","","2018-07-12 09:58:25","Available","TB/Laptops","https://storage.ventipix.com/asset_manager_assets/130320.jpg",
"L054","Lenovo Yoga 370","TB-Laptop","NIL","MP1C9EJJ","AATC","M01-13","7","Retired","2107","BER PARTIAL","M17274","2020/11/20","3200035","Ex Thierry Weishaupt assigned Display crack","","","2018-07-12 09:57:37","Available","TB/Laptops","https://storage.ventipix.com/asset_manager_assets/130319.jpg",
"L053","Lenovo Yoga 370","TB-Laptop","TRN F12A-3","MP1C9GH8","AATC","M01-13","17","Ready","2413","","M17385","2020/11/20","3200036","","","","2018-07-12 09:57:12","Available","TB/Laptops","https://storage.ventipix.com/asset_manager_assets/130318.jpg",
"L052","Lenovo Yoga 370","TB-Laptop","TRN F12A-3","MP1C9GHH","AATC","SIN25-2500121","16","Ready","2413","","M17263","2020/11/20","3200036","","","","2018-07-12 09:56:46","Checked-out","TB/Laptops","https://storage.ventipix.com/asset_manager_assets/130317.jpg",
"L051","Lenovo Yoga 370","TB-Laptop","TRN F12A-3","MP1C9GGQ","AATC","SIN24-2502617","18","Ready","2411","","M17274","2020/11/20","3200036","","","","2018-07-12 09:56:05","Checked-out","TB/Laptops","https://storage.ventipix.com/asset_manager_assets/130316.jpg",
"L050","Lenovo Yoga 370","TB-Laptop","TRN F12A-3","MP1C9EJB","AATC","SIN25-2500121","16","Ready","2413","","M17274","2020/11/20","3200036","","","","2018-07-12 09:55:07","Checked-out","TB/Laptops","https://storage.ventipix.com/asset_manager_assets/130315.jpg",
"L049","Lenovo Yoga 370","TB-Laptop","TRN F12A-1","MP1C9GFS","AATC","M01-13","11","Ready","2412","","M17263","2020/11/20","3200036","Retired from active svc","","","2018-07-12 09:54:18","Available","TB/Laptops","https://storage.ventipix.com/asset_manager_assets/130314.jpg",
"L048","Lenovo Yoga 370","TB-Laptop","TRN F11B-1","MP1C9J6W","AATC","M01-13","16","Ready","2413","","M17385","2020/11/20","3200036","","","","2018-07-12 09:53:25","Checked-in","TB/Laptops","https://storage.ventipix.com/asset_manager_assets/130313.jpg",
"L047","Lenovo Yoga 370","TB-Laptop","TRN F12A-3","MP1C9JA8","AATC","M01-13","16","Ready","2408","","M17384","2020/11/20","3200036","2020/8/5 - USB-C charger issued. No follow-up, case closed.","","","2018-07-12 09:52:43","Checked-in","TB/Laptops","https://storage.ventipix.com/asset_manager_assets/130312.jpg",
"L046","Lenovo Yoga 370","TB-Laptop","TRN F12A-3","MP1C9GEE","AATC","SIN24-5501899","6","Ready","2413","","M17272","2020/11/20","3200036","","","","2018-07-12 09:52:06","Checked-out","TB/Laptops","https://storage.ventipix.com/asset_manager_assets/130311.jpg",
"L045","Lenovo Yoga 370","TB-Laptop","INS F12A-3","MP1C9GH2","AATC","Scoot Locker","14","Ready","2409","","M17263","2020/11/20","3200036","Battery swapped with L044 26/1/2021 - Power issue","","","2018-07-12 09:51:26","Available","TB/Laptops","https://storage.ventipix.com/asset_manager_assets/130310.jpg",
"L044","Lenovo Yoga 370","TB-Laptop","TRN F12A-1","MP1C9GG2","AATC","M01-13","10","Ready","2409","","M17272","2020/11/20","3200036","Touchpad replacement 21/1/2020     BER 18/1/2021 - retired from svc  Internal repaired RAM alignment 26/1/2021","","","2018-07-12 09:50:42","Available","TB/Laptops","https://storage.ventipix.com/asset_manager_assets/130309.jpg",
"L043","Lenovo Yoga 370","TB-Laptop","TRN F12A-1","MP1C9J6V","AATC","SFC","12","Ready","2401","","M17385","2020/11/20","3200036","2 chargers returned","","","2018-07-12 09:49:20","Available","TB/Laptops","https://storage.ventipix.com/asset_manager_assets/130308.jpg",
"L042","Lenovo Yoga 370","TB-Laptop","TRN F12A-3","MP1C9J6U","AATC","SIN24-2502605","18","Ready","2410","","M17385","2020/11/20","3200035","","","","2018-07-12 09:47:15","Checked-out","TB/Laptops","https://storage.ventipix.com/asset_manager_assets/130307.jpg",
"L041","Lenovo Yoga 370","TB-Laptop","TRN F12A-3","MP1C9GE3","AATC","SIN24-2502605","20","Ready","2410","","M17385","2020/11/20","3200036","","","","2018-07-12 09:43:30","Checked-out","TB/Laptops","https://storage.ventipix.com/asset_manager_assets/130306.jpg",
"L040","Lenovo Yoga 370","TB-Laptop","TRN F11B-1","MP1C9GEL","AATC","M01-13","14","TOG","2307","","M17385","2020/11/20","3200036","","","","2018-07-12 09:42:59","Checked-in","TB/Laptops","https://storage.ventipix.com/asset_manager_assets/130305.jpg",
"L039","Lenovo Yoga 370","TB-Laptop","TRN F12A-3","MP1C9GFQ","AATC","SIN24-5501899","15","Ready","2413","","M17274","2020/11/20","3200036","","","","2018-07-12 09:42:31","Checked-out","TB/Laptops","https://storage.ventipix.com/asset_manager_assets/130304.jpg",
"L038","Lenovo Yoga 370","TB-Laptop","TRN F11B-1","MP1C9GFC","AATC","M01-13","2","Ready","2303","NO MOVE (MASTER UNIT)","","2020/11/20","","","","","2018-07-12 09:41:27","Available","TB/Laptops","https://storage.ventipix.com/asset_manager_assets/130303.jpg",
"L037","Lenovo Yoga 370","TB-Laptop","INS F12A-1","MP1C9EJ6","AATC","DMR","10","Ready","2312","","M17274","2020/11/20","3200036","","","","2018-07-12 09:40:46","Available","TB/Laptops","https://storage.ventipix.com/asset_manager_assets/130302.jpg",
"L036","Lenovo Yoga 370","TB-Laptop","INS F10D-1","MP1C9GFK","SIA","SIA A350 Locker","9","Ready","2413","Originally CSO spare","M17376","2020/11/20","3200036","","","","2018-07-12 09:39:32","Available","TB/Laptops","https://storage.ventipix.com/asset_manager_assets/130301.jpg",
"L035","Lenovo Yoga 370","TB-Laptop","INS F12A-1","MP1C9GDY","AATC","Ng KS","14","Ready","2312","","M17274","2020/11/20","3200036","","","","2018-07-12 09:39:07","Available","TB/Laptops","https://storage.ventipix.com/asset_manager_assets/130300.jpg",
"L034","Lenovo Yoga 370","TB-Laptop","NIL","MP1C9GHV","AATC","M01-13","11","Retired","2205","BER","M17274","2020/11/20","3200036","Ex Chan KF assigned Additional 45W Type-C Charger issued due to loss Display connector loose","","","2018-07-12 09:38:36","Available","TB/Laptops","https://storage.ventipix.com/asset_manager_assets/130299.jpg",
"L033","Lenovo Yoga 370","TB-Laptop","INS F10D-1","MP1C9GEN","SIA","A350 Locker","8","Ready","2413","","M17384","2020/11/20","3200036","[10/11/2023] Reported OEM IGFX 30.0.101.1339 crash w/ error Code 43. Resolved via IGFX 31.0.101.2125.","","","2018-07-12 09:38:04","Available","TB/Laptops","https://storage.ventipix.com/asset_manager_assets/130298.jpg",
"L032","Lenovo Yoga 370","TB-Laptop","INS F09A-1","MP1C9GGX","AATC","Isac","11","Retired","2201","(DMG surface Chassis ) Replaced with L120 Additional 65W AC issued","M17376","2020/11/20","","","","","2018-07-12 09:37:27","Available","TB/Laptops","https://storage.ventipix.com/asset_manager_assets/130297.jpg",
"L031","Lenovo Yoga 370","TB-Laptop","NIL","MP1C9J7D","AATC","M01-13","9","Retired","2102","BER PARTIAL","M17263","2020/11/20","3200035","Ex-Diamond assigned Dropped in Sim cannot boot up","","","2018-07-12 09:36:13","Available","TB/Laptops","https://storage.ventipix.com/asset_manager_assets/130296.jpg",
"L030","Lenovo Yoga 370","TB-Laptop","INS F12A-1","MP1C9GF8","ASAP","Capt Michel Menestrot","11","Ready","2312","","M17274","2020/11/20","3200035","","","","2018-07-10 16:25:56","Available","TB/Laptops","https://storage.ventipix.com/asset_manager_assets/130065.jpg",
"L029","Lenovo Yoga 370","TB-Laptop","INS F12A-1","MP1C9J89","AATC","Dilip","13","Ready","2406","","M17385","2020/11/20","3200036","","","","2018-07-10 16:25:18","Available","TB/Laptops","https://storage.ventipix.com/asset_manager_assets/130064.jpg",
"L028","Lenovo Yoga 370","TB-Laptop","TRN F12A-3","MP1C9GGP","AATC","SIN24-5502559","15","Ready","2412","","M17385","2020/11/20","3200036","","","","2018-07-10 16:24:44","Checked-out","TB/Laptops","https://storage.ventipix.com/asset_manager_assets/130063.jpg",
"L027","Lenovo Yoga 370","TB-Laptop","INS F10D-1","MP1C9GER","SIA","A350 Locker","7","Ready","2413","","M17274","2020/11/20","","","","","2018-07-10 16:24:09","Available","TB/Laptops","https://storage.ventipix.com/asset_manager_assets/130062.jpg",
"L026","Lenovo Yoga 370","TB-Laptop","NIL","MP1C9GJ8","AATC","M01-13","10","Retired","2210","BER PARTIAL","M17385","2020/11/20","3200036","2020/8/5 - LCD replaced (dim display issue) 2021/10/21 - Retired due to screen damage, BER  2022/06.20 - Swap LCD screen with L118        2022/10/11 - Screen damage","","","2018-07-10 16:23:14","Available","TB/Laptops","https://storage.ventipix.com/asset_manager_assets/130061.jpg",
"L025","Lenovo Yoga 370","TB-Laptop","TRN F12A-3","MP1C9J83","AATC","SIN24-2502612","10","Ready","2412","","M17274","2020/11/20","3200036","Ex DMR assigned Display issue","","","2018-07-10 16:07:02","Checked-out","TB/Laptops","https://storage.ventipix.com/asset_manager_assets/130060.jpg",
"L024","Lenovo Yoga 370","TB-Laptop","INS F12A-3","MP1C9GG6","AATC","M01-13","12","Ready","2408","","M17274","2020/11/20","3200036","","","","2018-07-10 16:03:55","Available","TB/Laptops","https://storage.ventipix.com/asset_manager_assets/130059.jpg",
"L023","Lenovo Yoga 370","TB-Laptop","INS F04A or lower","MP1C9GFE","AATC","Boris","1","TOG","","","M17376","2020/11/20","","","","","2018-07-10 16:03:21","In Maintenance","TB/Laptops","https://storage.ventipix.com/asset_manager_assets/130058.jpg",
"L022","Lenovo Yoga 370","TB-Laptop","INS F12A-1","MP1C9EHT","AATC","Don Mishra","9","Ready","2403","","M17385","2020/11/20","3200036","","","","2018-07-10 16:01:32","Available","TB/Laptops","https://storage.ventipix.com/asset_manager_assets/130057.jpg",
"L021","Lenovo Yoga 370","TB-Laptop","INS F10D-1","MP1C9GJ5","SIA","A350 Locker","7","Ready","2413","","M17385","2020/11/20","","","","","2018-07-10 16:00:03","Available","TB/Laptops","https://storage.ventipix.com/asset_manager_assets/130056.jpg",
"L020","Lenovo Yoga 370","TB-Laptop","TRN F12A-3","MP1C9EHV","AATC","SIN24-2502612","17","Ready","2412","","M17272","2020/11/20","","","","","2018-07-10 14:56:26","Checked-out","TB/Laptops","https://storage.ventipix.com/asset_manager_assets/130055.jpg",
"L019","Lenovo Yoga 370","TB-Laptop","TRN F12A-1","MP1C9J78","AATC","M01-13","10","Ready","2403.1","","M17385","2020/11/20","3200035","Display issue resolved - loose cable connector (29/7/2021) Retired from svc due to condition","","","2018-07-10 14:55:49","Available","TB/Laptops","https://storage.ventipix.com/asset_manager_assets/130054.jpg",
"L018","Lenovo Yoga 370","TB-Laptop","TRN F12A-3","MP1C9J7R","AATC","SIN24-2502474","14","Ready","2412","","M17272","2020/11/20","3200036","","","","2018-07-10 14:54:44","Checked-out","TB/Laptops","https://storage.ventipix.com/asset_manager_assets/130053.jpg",
"L017","Lenovo Yoga 370","TB-Laptop","TRN F12A-3","MP1C9GG0","AATC","SIN24-5500585","16","Ready","2413","","M17385","2020/11/20","3200036","","","","2018-07-10 14:54:17","Checked-out","TB/Laptops","https://storage.ventipix.com/asset_manager_assets/130052.jpg",
"L016","Lenovo Yoga 370","TB-Laptop","DEF","MP1C9J79","AATC","M01-13","1","Ready","","Trollovo","","2020/11/20","","","","","2018-07-10 14:53:19","Available","TB/Laptops","https://storage.ventipix.com/asset_manager_assets/130051.jpg",
"L015","Lenovo Yoga 370","TB-Laptop","TRN F11B-1","MP1C9J6Y","AATC","M01-13","17","Ready","2413","","M17274","2020/11/20","3200036","","","","2018-07-10 14:52:29","Checked-in","TB/Laptops","https://storage.ventipix.com/asset_manager_assets/130050.jpg",
"L014","Lenovo Yoga 370","TB-Laptop","TRN F11B-1","MP1C9GFW","AATC","M01-13","14","TOG","2311","","M17385","2020/11/20","3200036","","","","2018-07-10 14:51:38","Checked-in","TB/Laptops","https://storage.ventipix.com/asset_manager_assets/130049.jpg",
"L013","Lenovo Yoga 370","TB-Laptop","TRN F12A-3","MP1C9GGG","AATC","SIN24-2502615","17","Ready","2411","","M17385","2020/11/20","3200036","","","","2018-07-10 14:33:22","Checked-out","TB/Laptops","https://storage.ventipix.com/asset_manager_assets/130047.jpg",
"L011","Lenovo Yoga 370","TB-Laptop","TRN F12A-3","MP1C9J7N","AATC","SIN24-2502615","17","Ready","2411","","M17263","2020/11/20","3200036","","","","2018-07-10 14:31:14","Checked-out","TB/Laptops","https://storage.ventipix.com/asset_manager_assets/130046.jpg",
"L010","Lenovo Yoga 370","TB-Laptop","INS F10D-1","MP1C9GJ3","AATC","M01-13","3","Ready","2210","NO MOVE (MASTER UNIT)","M17274","2020/11/20","","","","","2018-07-10 14:30:25","Available","TB/Laptops","https://storage.ventipix.com/asset_manager_assets/130045.jpg",
"L009","Lenovo Yoga 370","TB-Laptop","TRN F12A-3","MP1C9GJB","AATC","SIN24-5500585","17","Ready","2413","","M17424","2020-11-20","3200036","","","","2018-07-10 14:27:49","Checked-out","TB/Laptops","https://storage.ventipix.com/asset_manager_assets/130044.jpg",
"L008","Lenovo Yoga 370","TB-Laptop","TRN F12A-3","MP1C9GGU","AATC","SIN24-5502590","10","Ready","2413","","M17385","2020/11/20","3200036","Long lost since 12 Dec 2017. Found on 17 Apr 2019.    Battery replaced 9 Sep 2019","","","2018-07-10 14:26:38","Checked-out","TB/Laptops","https://storage.ventipix.com/asset_manager_assets/130043.jpg",
"L007","Lenovo Yoga 370","TB-Laptop","INS F12A-1","MP1C9GHP","AATC","Capt BK Chin","9","Ready","2312","","M17385","2020/11/20","","","","","2018-07-10 14:25:58","Available","TB/Laptops","https://storage.ventipix.com/asset_manager_assets/130042.jpg",
"L006","Lenovo Yoga 370","TB-Laptop","INS F12A-1","MP1C9GH3","AATC","TJ","14","Ready","2312","","M17274","2020/11/20","","","","","2018-07-10 14:25:27","Available","TB/Laptops","https://storage.ventipix.com/asset_manager_assets/130041.jpg",
"L005","Lenovo Yoga 370","TB-Laptop","INS F12A-1","MP1C9EHP","AATC","Vincent","13","Ready","2212","","M17376","2020/11/20","","","","","2018-07-10 14:21:25","Available","TB/Laptops","https://storage.ventipix.com/asset_manager_assets/130040.jpg",
"L004","Lenovo Yoga 370","TB-Laptop","TRN F12A-3","MP1C9EJ1","AATC","SIN24-5502590","14","Ready","2413","","M17263","2020/11/20","3200036","","","","2018-07-10 14:18:50","Checked-out","TB/Laptops","https://storage.ventipix.com/asset_manager_assets/130039.jpg",
"L003","Lenovo Yoga 370","TB-Laptop","DEF","MP1C9GDU","TLSE","TLSE","1","Ready","","TLSE Demo for ACE 350","M17376","2020/11/20","","","","","2018-07-10 14:18:02","Available","TB/Laptops","https://storage.ventipix.com/asset_manager_assets/130038.jpg",
"L002","Lenovo Yoga 370","TB-Laptop","DEF","MP1C9GEJ","TLSE","TLSE","1","Ready","","TLSE","","2020/11/20","","","","","2018-07-10 14:17:26","Available","TB/Laptops","https://storage.ventipix.com/asset_manager_assets/130037.jpg",
"L001","Lenovo Yoga 370","TB-Laptop","DEF","MP1C9GE5","AATC","M01-13","2","Ready","NIL","","M17385","2020/11/20","3200036","","","","2018-07-10 14:16:39","Available","TB/Laptops","https://storage.ventipix.com/asset_manager_assets/130036.jpg",
